"customer_id";"product_id";"purchase_date";"page_views";"time_spent";"category";"price";"ratings";"total_page_views";"average_time_spent";"total_purchases";"recency_of_purchase";"average_rating_purchased";"average_price_purchased";"purchase_month";"category_encoded"
1;101;"2023-01-01";25;120;"Electronics";500;4.5;500;120.0;9;360;4.04;471.7;1;0
1;105;"2023-01-05";25;120;"Electronics";800;4.8;500;120.0;9;356;4.04;471.7;1;0
2;102;"2023-01-02";20;90;"Clothing";50;3.8;160;90.0;5;359;3.9375;404.625;1;0
3;103;"2023-01-03";30;150;"Home & Kitchen";200;4.2;240;150.0;5;358;3.7125;496.25;1;0
4;104;"2023-01-04";15;80;"Beauty";30;4.0;240;80.0;6;357;4.04375;282.125;1;0
5;101;"2023-01-05";22;110;"Electronics";500;4.5;242;110.0;6;356;4.10909;559.727;1;0
45;105;"2023-11-25 00:00:00";15;133;"Electronics";800;4.8;105;133.0;5;32;4.22857;415.571;11;0
48;103;"2023-07-20 00:00:00";23;142;"Home & Kitchen";200;4.2;184;142.0;8;160;3.775;381.625;7;0
65;108;"2023-08-18 00:00:00";22;90;"Sports";727;3.6;154;90.0;4;131;3.57143;554.857;8;0
68;106;"2023-01-19 00:00:00";26;109;"Automotive";855;4.2;416;109.0;9;342;3.975;538.438;1;0
68;103;"2023-01-03 00:00:00";26;109;"Home & Kitchen";200;4.2;416;109.0;9;358;3.975;538.438;1;0
10;109;"2023-07-17 00:00:00";18;147;"Music";379;3.1;180;147.0;6;163;3.98;519.7;7;0
84;106;"2023-08-10 00:00:00";24;136;"Automotive";855;4.2;336;136.0;8;139;4.12857;385.857;8;0
22;107;"2023-08-18 00:00:00";23;130;"Books";783;3.8;184;130.0;5;131;3.9;237.5;8;0
37;107;"2023-04-11 00:00:00";19;86;"Books";783;3.8;266;86.0;8;260;4.07143;504.857;4;0
88;105;"2023-12-29 00:00:00";23;97;"Electronics";800;4.8;322;97.0;8;-2;3.82143;472.643;12;0
71;102;"2023-06-07 00:00:00";27;85;"Clothing";50;3.8;270;85.0;6;203;4.39;644.3;6;0
89;106;"2023-06-05 00:00:00";16;137;"Automotive";855;4.2;176;137.0;7;205;4.24545;635.818;6;0
89;105;"2023-05-26 00:00:00";16;137;"Electronics";800;4.8;176;137.0;7;215;4.24545;635.818;5;0
13;106;"2023-11-02 00:00:00";22;134;"Automotive";855;4.2;264;134.0;7;55;4.08333;430.167;11;0
59;106;"2023-11-25 00:00:00";24;95;"Automotive";855;4.2;312;95.0;8;32;3.95385;431.385;11;0
66;107;"2023-12-11 00:00:00";18;92;"Books";783;3.8;198;92.0;7;16;4.20909;472.818;12;0
40;104;"2023-01-04 00:00:00";18;131;"Beauty";30;4.0;216;131.0;7;357;4.16667;462.833;1;0
88;109;"2023-04-23 00:00:00";23;97;"Music";379;3.1;322;97.0;8;248;3.82143;472.643;4;0
47;102;"2023-01-12 00:00:00";18;123;"Clothing";50;3.8;234;123.0;8;349;3.83077;379.615;1;0
89;105;"2023-11-10 00:00:00";16;137;"Electronics";800;4.8;176;137.0;7;47;4.24545;635.818;11;0
82;103;"2023-05-24 00:00:00";30;147;"Home & Kitchen";200;4.2;360;147.0;7;217;4.13333;501.75;5;0
38;110;"2023-05-12 00:00:00";18;118;"Toys";29;3.5;180;118.0;6;229;3.62;290.8;5;0
26;108;"2023-06-07 00:00:00";21;146;"Sports";727;3.6;189;146.0;8;203;3.93333;363.333;6;0
78;105;"2023-03-09 00:00:00";21;109;"Electronics";800;4.8;126;109.0;4;293;4.38333;502.5;3;0
73;102;"2023-02-26 00:00:00";15;85;"Clothing";50;3.8;165;85.0;8;304;3.87273;436.364;2;0
10;109;"2023-07-23 00:00:00";18;147;"Music";379;3.1;180;147.0;6;157;3.98;519.7;7;0
21;103;"2023-03-21 00:00:00";23;114;"Home & Kitchen";200;4.2;345;114.0;8;281;4.07333;369.467;3;0
81;104;"2023-10-29 00:00:00";16;141;"Beauty";30;4.0;240;141.0;9;59;3.96667;396.133;10;0
70;104;"2023-04-01 00:00:00";22;99;"Beauty";30;4.0;330;99.0;8;270;3.94667;341.067;4;0
80;105;"2023-03-21 00:00:00";19;83;"Electronics";800;4.8;285;83.0;7;281;4.13333;347.4;3;0
48;102;"2023-08-14 00:00:00";23;142;"Clothing";50;3.8;184;142.0;8;135;3.775;381.625;8;0
65;107;"2023-01-12 00:00:00";22;90;"Books";783;3.8;154;90.0;4;349;3.57143;554.857;1;0
83;103;"2023-05-14 00:00:00";19;96;"Home & Kitchen";200;4.2;171;96.0;6;227;3.95556;471.556;5;0
100;106;"2023-07-06 00:00:00";26;107;"Automotive";855;4.2;286;107.0;6;174;3.95455;391.091;7;0
89;105;"2023-03-10 00:00:00";16;137;"Electronics";800;4.8;176;137.0;7;292;4.24545;635.818;3;0
50;110;"2023-11-12 00:00:00";18;101;"Toys";29;3.5;162;101.0;6;45;3.8;336.667;11;0
30;102;"2023-02-02 00:00:00";23;103;"Clothing";50;3.8;299;103.0;10;328;3.93077;395.385;2;0
20;106;"2023-10-21 00:00:00";21;99;"Automotive";855;4.2;210;99.0;8;67;3.97;505.6;10;0
20;110;"2023-06-21 00:00:00";21;99;"Toys";29;3.5;210;99.0;8;189;3.97;505.6;6;0
15;105;"2023-05-06 00:00:00";18;90;"Electronics";800;4.8;90;90.0;5;235;4.14;568.0;5;0
40;106;"2023-11-13 00:00:00";18;131;"Automotive";855;4.2;216;131.0;7;44;4.16667;462.833;11;0
33;108;"2023-02-15 00:00:00";24;118;"Sports";727;3.6;264;118.0;7;315;3.78182;409.091;2;0
66;105;"2023-10-13 00:00:00";18;92;"Electronics";800;4.8;198;92.0;7;75;4.20909;472.818;10;0
10;105;"2023-09-08 00:00:00";18;147;"Electronics";800;4.8;180;147.0;6;110;3.98;519.7;9;0
58;103;"2023-06-05 00:00:00";24;85;"Home & Kitchen";200;4.2;216;85.0;5;205;3.83333;443.444;6;0
33;103;"2023-08-20 00:00:00";24;118;"Home & Kitchen";200;4.2;264;118.0;7;129;3.78182;409.091;8;0
32;102;"2023-10-11 00:00:00";20;85;"Clothing";50;3.8;140;85.0;5;77;3.91429;508.571;10;0
75;104;"2023-01-30 00:00:00";19;92;"Beauty";30;4.0;152;92.0;5;331;4.0;440.625;1;0
24;101;"2023-05-07 00:00:00";25;123;"Electronics";500;4.5;250;123.0;6;234;4.13;470.0;5;0
36;102;"2023-03-14 00:00:00";24;86;"Clothing";50;3.8;336;86.0;7;288;3.93571;435.786;3;0
76;110;"2023-03-17 00:00:00";20;87;"Toys";29;3.5;160;87.0;7;285;4.0625;403.25;3;0
56;102;"2023-04-08 00:00:00";15;106;"Clothing";50;3.8;75;106.0;4;263;4.18;341.8;4;0
29;107;"2023-07-26 00:00:00";29;113;"Books";783;3.8;261;113.0;7;154;3.73333;508.778;7;0
35;110;"2023-02-08 00:00:00";23;90;"Toys";29;3.5;230;90.0;6;322;3.8;256.4;2;0
1;109;"2023-09-25 00:00:00";25;120;"Music";379;3.1;500;120.0;9;93;4.04;471.7;9;0
1;107;"2023-09-04 00:00:00";25;120;"Books";783;3.8;500;120.0;9;114;4.04;471.7;9;0
37;104;"2023-12-12 00:00:00";19;86;"Beauty";30;4.0;266;86.0;8;15;4.07143;504.857;12;0
54;101;"2023-02-02 00:00:00";29;128;"Electronics";500;4.5;406;128.0;7;328;4.17143;385.429;2;0
6;108;"2023-06-28 00:00:00";27;119;"Sports";727;3.6;324;119.0;5;182;3.81667;272.75;6;0
39;104;"2023-02-10 00:00:00";15;130;"Beauty";30;4.0;120;130.0;6;320;3.95;543.375;2;0
18;103;"2023-07-18 00:00:00";19;137;"Home & Kitchen";200;4.2;133;137.0;5;162;4.21429;390.429;7;0
80;106;"2023-10-14 00:00:00";19;83;"Automotive";855;4.2;285;83.0;7;74;4.13333;347.4;10;0
5;110;"2023-05-31 00:00:00";22;110;"Toys";29;3.5;242;110.0;6;210;4.10909;559.727;5;0
43;108;"2023-05-04 00:00:00";30;89;"Sports";727;3.6;240;89.0;6;237;3.925;452.0;5;0
59;104;"2023-03-17 00:00:00";24;95;"Beauty";30;4.0;312;95.0;8;285;3.95385;431.385;3;0
32;105;"2023-10-19 00:00:00";20;85;"Electronics";800;4.8;140;85.0;5;69;3.91429;508.571;10;0
2;108;"2023-03-05 00:00:00";20;90;"Sports";727;3.6;160;90.0;5;297;3.9375;404.625;3;0
66;107;"2023-09-18 00:00:00";18;92;"Books";783;3.8;198;92.0;7;100;4.20909;472.818;9;0
42;108;"2023-06-27 00:00:00";29;109;"Sports";727;3.6;290;109.0;7;183;4.21;531.6;6;0
58;104;"2023-06-07 00:00:00";24;85;"Beauty";30;4.0;216;85.0;5;203;3.83333;443.444;6;0
36;107;"2023-07-11 00:00:00";24;86;"Books";783;3.8;336;86.0;7;169;3.93571;435.786;7;0
12;110;"2023-11-14 00:00:00";18;125;"Toys";29;3.5;162;125.0;6;43;3.65556;258.556;11;0
47;104;"2023-04-02 00:00:00";18;123;"Beauty";30;4.0;234;123.0;8;269;3.83077;379.615;4;0
83;108;"2023-04-22 00:00:00";19;96;"Sports";727;3.6;171;96.0;6;249;3.95556;471.556;4;0
92;102;"2023-07-31 00:00:00";24;113;"Clothing";50;3.8;360;113.0;8;149;3.92667;363.733;7;0
1;104;"2023-12-27 00:00:00";25;120;"Beauty";30;4.0;500;120.0;9;0;4.04;471.7;12;0
15;108;"2023-04-01 00:00:00";18;90;"Sports";727;3.6;90;90.0;5;270;4.14;568.0;4;0
100;109;"2023-01-27 00:00:00";26;107;"Music";379;3.1;286;107.0;6;334;3.95455;391.091;1;0
54;109;"2023-03-15 00:00:00";29;128;"Music";379;3.1;406;128.0;7;287;4.17143;385.429;3;0
13;105;"2023-08-12 00:00:00";22;134;"Electronics";800;4.8;264;134.0;7;137;4.08333;430.167;8;0
43;106;"2023-12-17 00:00:00";30;89;"Automotive";855;4.2;240;89.0;6;10;3.925;452.0;12;0
85;104;"2023-10-01 00:00:00";25;142;"Beauty";30;4.0;200;142.0;6;87;4.0125;562.75;10;0
76;107;"2023-07-19 00:00:00";20;87;"Books";783;3.8;160;87.0;7;161;4.0625;403.25;7;0
69;110;"2023-11-09 00:00:00";17;102;"Toys";29;3.5;119;102.0;6;48;3.71429;209.286;11;0
7;107;"2023-10-19 00:00:00";30;108;"Books";783;3.8;330;108.0;6;69;3.75455;374.182;10;0
69;103;"2023-07-21 00:00:00";17;102;"Home & Kitchen";200;4.2;119;102.0;6;159;3.71429;209.286;7;0
48;110;"2023-08-09 00:00:00";23;142;"Toys";29;3.5;184;142.0;8;140;3.775;381.625;8;0
4;104;"2023-10-31 00:00:00";15;80;"Beauty";30;4.0;240;80.0;6;57;4.04375;282.125;10;0
77;106;"2023-02-18 00:00:00";20;132;"Automotive";855;4.2;200;132.0;5;312;4.08;464.2;2;0
53;108;"2023-04-28 00:00:00";18;86;"Sports";727;3.6;108;86.0;4;243;3.68333;580.833;4;0
79;110;"2023-03-09 00:00:00";23;80;"Toys";29;3.5;184;80.0;7;293;3.8875;261.625;3;0
16;101;"2023-05-04 00:00:00";20;147;"Electronics";500;4.5;80;147.0;4;237;4.0;541.75;5;0
21;108;"2023-07-19 00:00:00";23;114;"Sports";727;3.6;345;114.0;8;161;4.07333;369.467;7;0
100;102;"2023-11-15 00:00:00";26;107;"Clothing";50;3.8;286;107.0;6;42;3.95455;391.091;11;0
59;103;"2023-10-21 00:00:00";24;95;"Home & Kitchen";200;4.2;312;95.0;8;67;3.95385;431.385;10;0
24;106;"2023-01-06 00:00:00";25;123;"Automotive";855;4.2;250;123.0;6;355;4.13;470.0;1;0
80;101;"2023-04-08 00:00:00";19;83;"Electronics";500;4.5;285;83.0;7;263;4.13333;347.4;4;0
14;106;"2023-02-25 00:00:00";24;80;"Automotive";855;4.2;240;80.0;6;305;3.99;423.2;2;0
86;109;"2023-02-08 00:00:00";25;136;"Music";379;3.1;175;136.0;6;322;3.68571;421.571;2;0
49;110;"2023-02-19 00:00:00";16;127;"Toys";29;3.5;160;127.0;8;311;3.98;476.7;2;0
50;109;"2023-09-22 00:00:00";18;101;"Music";379;3.1;162;101.0;6;96;3.8;336.667;9;0
70;103;"2023-05-03 00:00:00";22;99;"Home & Kitchen";200;4.2;330;99.0;8;238;3.94667;341.067;5;0
42;106;"2023-07-13 00:00:00";29;109;"Automotive";855;4.2;290;109.0;7;167;4.21;531.6;7;0
36;104;"2023-11-19 00:00:00";24;86;"Beauty";30;4.0;336;86.0;7;38;3.93571;435.786;11;0
65;102;"2023-03-04 00:00:00";22;90;"Clothing";50;3.8;154;90.0;4;298;3.57143;554.857;3;0
96;108;"2023-01-17 00:00:00";22;103;"Sports";727;3.6;110;103.0;4;344;4.1;556.8;1;0
70;104;"2023-07-09 00:00:00";22;99;"Beauty";30;4.0;330;99.0;8;171;3.94667;341.067;7;0
95;109;"2023-07-14 00:00:00";21;142;"Music";379;3.1;273;142.0;7;166;3.90769;393.385;7;0
1;106;"2023-09-25 00:00:00";25;120;"Automotive";855;4.2;500;120.0;9;93;4.04;471.7;9;0
51;106;"2023-01-21 00:00:00";28;98;"Automotive";855;4.2;224;98.0;6;340;4.0875;447.75;1;0
37;102;"2023-04-11 00:00:00";19;86;"Clothing";50;3.8;266;86.0;8;260;4.07143;504.857;4;0
35;110;"2023-09-28 00:00:00";23;90;"Toys";29;3.5;230;90.0;6;90;3.8;256.4;9;0
49;108;"2023-05-01 00:00:00";16;127;"Sports";727;3.6;160;127.0;8;240;3.98;476.7;5;0
94;103;"2023-02-22 00:00:00";18;96;"Home & Kitchen";200;4.2;180;96.0;4;308;4.15;217.9;2;0
4;102;"2023-06-07 00:00:00";15;80;"Clothing";50;3.8;240;80.0;6;203;4.04375;282.125;6;0
99;101;"2023-09-28 00:00:00";17;110;"Electronics";500;4.5;153;110.0;5;90;4.1;499.222;9;0
43;102;"2023-04-25 00:00:00";30;89;"Clothing";50;3.8;240;89.0;6;246;3.925;452.0;4;0
78;101;"2023-08-27 00:00:00";21;109;"Electronics";500;4.5;126;109.0;4;122;4.38333;502.5;8;0
22;102;"2023-11-04 00:00:00";23;130;"Clothing";50;3.8;184;130.0;5;53;3.9;237.5;11;0
74;102;"2023-02-02 00:00:00";15;106;"Clothing";50;3.8;165;106.0;9;328;3.83636;357.0;2;0
1;107;"2023-09-07 00:00:00";25;120;"Books";783;3.8;500;120.0;9;111;4.04;471.7;9;0
11;109;"2023-12-14 00:00:00";26;124;"Music";379;3.1;312;124.0;5;13;3.79167;405.0;12;0
44;109;"2023-09-20 00:00:00";30;85;"Music";379;3.1;390;85.0;8;98;3.81538;412.154;9;0
59;104;"2023-07-21 00:00:00";24;95;"Beauty";30;4.0;312;95.0;8;159;3.95385;431.385;7;0
24;103;"2023-05-01 00:00:00";25;123;"Home & Kitchen";200;4.2;250;123.0;6;240;4.13;470.0;5;0
60;101;"2023-03-07 00:00:00";30;143;"Electronics";500;4.5;210;143.0;6;295;4.04286;426.571;3;0
3;108;"2023-03-17 00:00:00";30;150;"Sports";727;3.6;240;150.0;5;285;3.7125;496.25;3;0
99;105;"2023-12-10 00:00:00";17;110;"Electronics";800;4.8;153;110.0;5;17;4.1;499.222;12;0
63;107;"2023-07-18 00:00:00";25;112;"Books";783;3.8;225;112.0;6;162;3.71111;411.778;7;0
36;101;"2023-10-24 00:00:00";24;86;"Electronics";500;4.5;336;86.0;7;64;3.93571;435.786;10;0
95;106;"2023-07-08 00:00:00";21;142;"Automotive";855;4.2;273;142.0;7;172;3.90769;393.385;7;0
68;104;"2023-02-06 00:00:00";26;109;"Beauty";30;4.0;416;109.0;9;324;3.975;538.438;2;0
83;104;"2023-03-04 00:00:00";19;96;"Beauty";30;4.0;171;96.0;6;298;3.95556;471.556;3;0
47;110;"2023-11-15 00:00:00";18;123;"Toys";29;3.5;234;123.0;8;42;3.83077;379.615;11;0
100;105;"2023-03-18 00:00:00";26;107;"Electronics";800;4.8;286;107.0;6;284;3.95455;391.091;3;0
21;110;"2023-01-19 00:00:00";23;114;"Toys";29;3.5;345;114.0;8;342;4.07333;369.467;1;0
82;101;"2023-01-02 00:00:00";30;147;"Electronics";500;4.5;360;147.0;7;359;4.13333;501.75;1;0
51;107;"2023-08-01 00:00:00";28;98;"Books";783;3.8;224;98.0;6;148;4.0875;447.75;8;0
28;106;"2023-07-25 00:00:00";22;95;"Automotive";855;4.2;132;95.0;4;155;3.83333;248.667;7;0
15;104;"2023-04-01 00:00:00";18;90;"Beauty";30;4.0;90;90.0;5;270;4.14;568.0;4;0
42;101;"2023-04-23 00:00:00";29;109;"Electronics";500;4.5;290;109.0;7;248;4.21;531.6;4;0
59;101;"2023-04-18 00:00:00";24;95;"Electronics";500;4.5;312;95.0;8;253;3.95385;431.385;4;0
66;102;"2023-05-30 00:00:00";18;92;"Clothing";50;3.8;198;92.0;7;211;4.20909;472.818;5;0
37;103;"2023-03-20 00:00:00";19;86;"Home & Kitchen";200;4.2;266;86.0;8;282;4.07143;504.857;3;0
11;101;"2023-09-27 00:00:00";26;124;"Electronics";500;4.5;312;124.0;5;91;3.79167;405.0;9;0
87;103;"2023-03-09 00:00:00";30;128;"Home & Kitchen";200;4.2;240;128.0;6;293;4.3125;511.25;3;0
44;103;"2023-12-28 00:00:00";30;85;"Home & Kitchen";200;4.2;390;85.0;8;-1;3.81538;412.154;12;0
12;110;"2023-09-19 00:00:00";18;125;"Toys";29;3.5;162;125.0;6;99;3.65556;258.556;9;0
3;107;"2023-01-27 00:00:00";30;150;"Books";783;3.8;240;150.0;5;334;3.7125;496.25;1;0
52;108;"2023-07-11 00:00:00";18;93;"Sports";727;3.6;216;93.0;6;169;3.89167;389.333;7;0
81;109;"2023-08-26 00:00:00";16;141;"Music";379;3.1;240;141.0;9;123;3.96667;396.133;8;0
33;110;"2023-01-14 00:00:00";24;118;"Toys";29;3.5;264;118.0;7;347;3.78182;409.091;1;0
55;109;"2023-10-29 00:00:00";22;120;"Music";379;3.1;220;120.0;7;59;3.83;448.1;10;0
1;103;"2023-02-26 00:00:00";25;120;"Home & Kitchen";200;4.2;500;120.0;9;304;4.04;471.7;2;0
39;105;"2023-02-28 00:00:00";15;130;"Electronics";800;4.8;120;130.0;6;302;3.95;543.375;2;0
20;108;"2023-01-18 00:00:00";21;99;"Sports";727;3.6;210;99.0;8;343;3.97;505.6;1;0
47;108;"2023-08-03 00:00:00";18;123;"Sports";727;3.6;234;123.0;8;146;3.83077;379.615;8;0
43;106;"2023-12-18 00:00:00";30;89;"Automotive";855;4.2;240;89.0;6;9;3.925;452.0;12;0
57;108;"2023-08-09 00:00:00";16;110;"Sports";727;3.6;128;110.0;7;140;3.7625;506.25;8;0
61;103;"2023-07-25 00:00:00";15;117;"Home & Kitchen";200;4.2;135;117.0;6;155;3.76667;416.111;7;0
78;105;"2023-10-10 00:00:00";21;109;"Electronics";800;4.8;126;109.0;4;78;4.38333;502.5;10;0
31;102;"2023-10-01 00:00:00";16;92;"Clothing";50;3.8;192;92.0;6;87;4.01667;312.917;10;0
25;102;"2023-07-16 00:00:00";16;80;"Clothing";50;3.8;176;80.0;7;164;3.88182;315.818;7;0
3;102;"2023-02-13 00:00:00";30;150;"Clothing";50;3.8;240;150.0;5;317;3.7125;496.25;2;0
4;108;"2023-08-11 00:00:00";15;80;"Sports";727;3.6;240;80.0;6;138;4.04375;282.125;8;0
95;110;"2023-05-06 00:00:00";21;142;"Toys";29;3.5;273;142.0;7;235;3.90769;393.385;5;0
99;101;"2023-12-15 00:00:00";17;110;"Electronics";500;4.5;153;110.0;5;12;4.1;499.222;12;0
14;110;"2023-11-25 00:00:00";24;80;"Toys";29;3.5;240;80.0;6;32;3.99;423.2;11;0
41;101;"2023-07-06 00:00:00";20;82;"Electronics";500;4.5;180;82.0;6;174;3.76667;293.778;7;0
73;103;"2023-10-11 00:00:00";15;85;"Home & Kitchen";200;4.2;165;85.0;8;77;3.87273;436.364;10;0
20;102;"2023-01-07 00:00:00";21;99;"Clothing";50;3.8;210;99.0;8;354;3.97;505.6;1;0
96;105;"2023-07-01 00:00:00";22;103;"Electronics";800;4.8;110;103.0;4;179;4.1;556.8;7;0
73;107;"2023-01-27 00:00:00";15;85;"Books";783;3.8;165;85.0;8;334;3.87273;436.364;1;0
27;101;"2023-05-04 00:00:00";22;92;"Electronics";500;4.5;264;92.0;9;237;3.925;480.417;5;0
67;107;"2023-07-23 00:00:00";29;144;"Books";783;3.8;261;144.0;6;157;3.81111;444.111;7;0
53;107;"2023-10-21 00:00:00";18;86;"Books";783;3.8;108;86.0;4;67;3.68333;580.833;10;0
68;103;"2023-04-04 00:00:00";26;109;"Home & Kitchen";200;4.2;416;109.0;9;267;3.975;538.438;4;0
62;109;"2023-01-21 00:00:00";30;139;"Music";379;3.1;240;139.0;6;340;3.7625;548.75;1;0
15;107;"2023-08-09 00:00:00";18;90;"Books";783;3.8;90;90.0;5;140;4.14;568.0;8;0
97;107;"2023-06-01 00:00:00";26;87;"Books";783;3.8;208;87.0;4;209;3.725;614.125;6;0
5;106;"2023-07-05 00:00:00";22;110;"Automotive";855;4.2;242;110.0;6;175;4.10909;559.727;7;0
68;103;"2023-05-18 00:00:00";26;109;"Home & Kitchen";200;4.2;416;109.0;9;223;3.975;538.438;5;0
12;106;"2023-05-09 00:00:00";18;125;"Automotive";855;4.2;162;125.0;6;232;3.65556;258.556;5;0
87;101;"2023-04-13 00:00:00";30;128;"Electronics";500;4.5;240;128.0;6;258;4.3125;511.25;4;0
78;104;"2023-02-20 00:00:00";21;109;"Beauty";30;4.0;126;109.0;4;310;4.38333;502.5;2;0
76;110;"2023-02-08 00:00:00";20;87;"Toys";29;3.5;160;87.0;7;322;4.0625;403.25;2;0
57;110;"2023-09-10 00:00:00";16;110;"Toys";29;3.5;128;110.0;7;108;3.7625;506.25;9;0
17;108;"2023-02-07 00:00:00";17;86;"Sports";727;3.6;119;86.0;4;323;3.68571;449.143;2;0
25;101;"2023-05-14 00:00:00";16;80;"Electronics";500;4.5;176;80.0;7;227;3.88182;315.818;5;0
30;105;"2023-03-01 00:00:00";23;103;"Electronics";800;4.8;299;103.0;10;301;3.93077;395.385;3;0
22;102;"2023-10-15 00:00:00";23;130;"Clothing";50;3.8;184;130.0;5;73;3.9;237.5;10;0
26;104;"2023-12-12 00:00:00";21;146;"Beauty";30;4.0;189;146.0;8;15;3.93333;363.333;12;0
81;106;"2023-07-23 00:00:00";16;141;"Automotive";855;4.2;240;141.0;9;157;3.96667;396.133;7;0
61;108;"2023-05-26 00:00:00";15;117;"Sports";727;3.6;135;117.0;6;215;3.76667;416.111;5;0
62;107;"2023-02-01 00:00:00";30;139;"Books";783;3.8;240;139.0;6;329;3.7625;548.75;2;0
84;103;"2023-06-09 00:00:00";24;136;"Home & Kitchen";200;4.2;336;136.0;8;201;4.12857;385.857;6;0
34;108;"2023-03-26 00:00:00";28;81;"Sports";727;3.6;364;81.0;8;276;4.02308;546.0;3;0
33;104;"2023-04-01 00:00:00";24;118;"Beauty";30;4.0;264;118.0;7;270;3.78182;409.091;4;0
71;105;"2023-02-09 00:00:00";27;85;"Electronics";800;4.8;270;85.0;6;321;4.39;644.3;2;0
86;110;"2023-09-03 00:00:00";25;136;"Toys";29;3.5;175;136.0;6;115;3.68571;421.571;9;0
32;108;"2023-06-28 00:00:00";20;85;"Sports";727;3.6;140;85.0;5;182;3.91429;508.571;6;0
14;101;"2023-03-16 00:00:00";24;80;"Electronics";500;4.5;240;80.0;6;286;3.99;423.2;3;0
72;101;"2023-10-22 00:00:00";17;116;"Electronics";500;4.5;204;116.0;7;66;3.78333;243.583;10;0
57;102;"2023-03-10 00:00:00";16;110;"Clothing";50;3.8;128;110.0;7;292;3.7625;506.25;3;0
25;109;"2023-02-09 00:00:00";16;80;"Music";379;3.1;176;80.0;7;321;3.88182;315.818;2;0
80;104;"2023-05-08 00:00:00";19;83;"Beauty";30;4.0;285;83.0;7;233;4.13333;347.4;5;0
42;106;"2023-07-27 00:00:00";29;109;"Automotive";855;4.2;290;109.0;7;153;4.21;531.6;7;0
19;101;"2023-01-14 00:00:00";22;150;"Electronics";500;4.5;242;150.0;7;347;3.94545;356.455;1;0
41;102;"2023-06-13 00:00:00";20;82;"Clothing";50;3.8;180;82.0;6;197;3.76667;293.778;6;0
55;102;"2023-12-26 00:00:00";22;120;"Clothing";50;3.8;220;120.0;7;1;3.83;448.1;12;0
80;104;"2023-11-28 00:00:00";19;83;"Beauty";30;4.0;285;83.0;7;29;4.13333;347.4;11;0
12;108;"2023-11-07 00:00:00";18;125;"Sports";727;3.6;162;125.0;6;50;3.65556;258.556;11;0
39;110;"2023-03-24 00:00:00";15;130;"Toys";29;3.5;120;130.0;6;278;3.95;543.375;3;0
94;104;"2023-07-23 00:00:00";18;96;"Beauty";30;4.0;180;96.0;4;157;4.15;217.9;7;0
2;108;"2023-06-29 00:00:00";20;90;"Sports";727;3.6;160;90.0;5;181;3.9375;404.625;6;0
96;101;"2023-06-12 00:00:00";22;103;"Electronics";500;4.5;110;103.0;4;198;4.1;556.8;6;0
45;103;"2023-03-22 00:00:00";15;133;"Home & Kitchen";200;4.2;105;133.0;5;280;4.22857;415.571;3;0
89;105;"2023-01-29 00:00:00";16;137;"Electronics";800;4.8;176;137.0;7;332;4.24545;635.818;1;0
25;105;"2023-12-24 00:00:00";16;80;"Electronics";800;4.8;176;80.0;7;3;3.88182;315.818;12;0
68;107;"2023-01-09 00:00:00";26;109;"Books";783;3.8;416;109.0;9;352;3.975;538.438;1;0
83;101;"2023-05-26 00:00:00";19;96;"Electronics";500;4.5;171;96.0;6;215;3.95556;471.556;5;0
4;102;"2023-08-29 00:00:00";15;80;"Clothing";50;3.8;240;80.0;6;120;4.04375;282.125;8;0
77;108;"2023-08-25 00:00:00";20;132;"Sports";727;3.6;200;132.0;5;124;4.08;464.2;8;0
36;107;"2023-08-09 00:00:00";24;86;"Books";783;3.8;336;86.0;7;140;3.93571;435.786;8;0
87;106;"2023-06-03 00:00:00";30;128;"Automotive";855;4.2;240;128.0;6;207;4.3125;511.25;6;0
62;106;"2023-12-17 00:00:00";30;139;"Automotive";855;4.2;240;139.0;6;10;3.7625;548.75;12;0
70;108;"2023-05-04 00:00:00";22;99;"Sports";727;3.6;330;99.0;8;237;3.94667;341.067;5;0
88;104;"2023-04-12 00:00:00";23;97;"Beauty";30;4.0;322;97.0;8;259;3.82143;472.643;4;0
44;107;"2023-07-07 00:00:00";30;85;"Books";783;3.8;390;85.0;8;173;3.81538;412.154;7;0
33;109;"2023-03-01 00:00:00";24;118;"Music";379;3.1;264;118.0;7;301;3.78182;409.091;3;0
12;109;"2023-07-06 00:00:00";18;125;"Music";379;3.1;162;125.0;6;174;3.65556;258.556;7;0
85;103;"2023-10-02 00:00:00";25;142;"Home & Kitchen";200;4.2;200;142.0;6;86;4.0125;562.75;10;0
11;102;"2023-01-13 00:00:00";26;124;"Clothing";50;3.8;312;124.0;5;348;3.79167;405.0;1;0
55;101;"2023-10-11 00:00:00";22;120;"Electronics";500;4.5;220;120.0;7;77;3.83;448.1;10;0
38;109;"2023-01-11 00:00:00";18;118;"Music";379;3.1;180;118.0;6;350;3.62;290.8;1;0
29;108;"2023-09-30 00:00:00";29;113;"Sports";727;3.6;261;113.0;7;88;3.73333;508.778;9;0
3;108;"2023-10-11 00:00:00";30;150;"Sports";727;3.6;240;150.0;5;77;3.7125;496.25;10;0
28;101;"2023-05-05 00:00:00";22;95;"Electronics";500;4.5;132;95.0;4;236;3.83333;248.667;5;0
84;105;"2023-09-20 00:00:00";24;136;"Electronics";800;4.8;336;136.0;8;98;4.12857;385.857;9;0
90;109;"2023-01-01 00:00:00";16;89;"Music";379;3.1;176;89.0;6;360;3.91818;370.091;1;0
24;101;"2023-01-08 00:00:00";25;123;"Electronics";500;4.5;250;123.0;6;353;4.13;470.0;1;0
54;105;"2023-06-03 00:00:00";29;128;"Electronics";800;4.8;406;128.0;7;207;4.17143;385.429;6;0
52;106;"2023-03-09 00:00:00";18;93;"Automotive";855;4.2;216;93.0;6;293;3.89167;389.333;3;0
47;108;"2023-11-12 00:00:00";18;123;"Sports";727;3.6;234;123.0;8;45;3.83077;379.615;11;0
21;103;"2023-09-06 00:00:00";23;114;"Home & Kitchen";200;4.2;345;114.0;8;112;4.07333;369.467;9;0
54;105;"2023-08-02 00:00:00";29;128;"Electronics";800;4.8;406;128.0;7;147;4.17143;385.429;8;0
30;110;"2023-04-24 00:00:00";23;103;"Toys";29;3.5;299;103.0;10;247;3.93077;395.385;4;0
68;108;"2023-09-04 00:00:00";26;109;"Sports";727;3.6;416;109.0;9;114;3.975;538.438;9;0
36;106;"2023-07-20 00:00:00";24;86;"Automotive";855;4.2;336;86.0;7;160;3.93571;435.786;7;0
40;101;"2023-04-22 00:00:00";18;131;"Electronics";500;4.5;216;131.0;7;249;4.16667;462.833;4;0
10;105;"2023-06-16 00:00:00";18;147;"Electronics";800;4.8;180;147.0;6;194;3.98;519.7;6;0
74;110;"2023-06-14 00:00:00";15;106;"Toys";29;3.5;165;106.0;9;196;3.83636;357.0;6;0
42;105;"2023-03-10 00:00:00";29;109;"Electronics";800;4.8;290;109.0;7;292;4.21;531.6;3;0
24;101;"2023-04-02 00:00:00";25;123;"Electronics";500;4.5;250;123.0;6;269;4.13;470.0;4;0
4;103;"2023-09-27 00:00:00";15;80;"Home & Kitchen";200;4.2;240;80.0;6;91;4.04375;282.125;9;0
47;106;"2023-05-22 00:00:00";18;123;"Automotive";855;4.2;234;123.0;8;219;3.83077;379.615;5;0
91;106;"2023-11-25 00:00:00";22;142;"Automotive";855;4.2;198;142.0;6;32;4.14444;635.667;11;0
51;104;"2023-05-15 00:00:00";28;98;"Beauty";30;4.0;224;98.0;6;226;4.0875;447.75;5;0
4;101;"2023-12-17 00:00:00";15;80;"Electronics";500;4.5;240;80.0;6;10;4.04375;282.125;12;0
32;101;"2023-05-21 00:00:00";20;85;"Electronics";500;4.5;140;85.0;5;220;3.91429;508.571;5;0
10;102;"2023-04-09 00:00:00";18;147;"Clothing";50;3.8;180;147.0;6;262;3.98;519.7;4;0
11;110;"2023-08-21 00:00:00";26;124;"Toys";29;3.5;312;124.0;5;128;3.79167;405.0;8;0
28;110;"2023-01-17 00:00:00";22;95;"Toys";29;3.5;132;95.0;4;344;3.83333;248.667;1;0
46;103;"2023-09-19 00:00:00";17;145;"Home & Kitchen";200;4.2;153;145.0;6;99;3.9;501.333;9;0
72;102;"2023-02-10 00:00:00";17;116;"Clothing";50;3.8;204;116.0;7;320;3.78333;243.583;2;0
40;101;"2023-07-01 00:00:00";18;131;"Electronics";500;4.5;216;131.0;7;179;4.16667;462.833;7;0
62;102;"2023-10-06 00:00:00";30;139;"Clothing";50;3.8;240;139.0;6;82;3.7625;548.75;10;0
86;107;"2023-12-24 00:00:00";25;136;"Books";783;3.8;175;136.0;6;3;3.68571;421.571;12;0
98;104;"2023-01-24 00:00:00";29;102;"Beauty";30;4.0;232;102.0;5;337;4.1875;485.375;1;0
45;105;"2023-09-09 00:00:00";15;133;"Electronics";800;4.8;105;133.0;5;109;4.22857;415.571;9;0
35;104;"2023-08-24 00:00:00";23;90;"Beauty";30;4.0;230;90.0;6;125;3.8;256.4;8;0
35;107;"2023-07-07 00:00:00";23;90;"Books";783;3.8;230;90.0;6;173;3.8;256.4;7;0
89;105;"2023-02-04 00:00:00";16;137;"Electronics";800;4.8;176;137.0;7;326;4.24545;635.818;2;0
34;103;"2023-12-11 00:00:00";28;81;"Home & Kitchen";200;4.2;364;81.0;8;16;4.02308;546.0;12;0
6;104;"2023-03-18 00:00:00";27;119;"Beauty";30;4.0;324;119.0;5;284;3.81667;272.75;3;0
37;107;"2023-01-18 00:00:00";19;86;"Books";783;3.8;266;86.0;8;343;4.07143;504.857;1;0
1;104;"2023-04-06 00:00:00";25;120;"Beauty";30;4.0;500;120.0;9;265;4.04;471.7;4;0
76;104;"2023-02-18 00:00:00";20;87;"Beauty";30;4.0;160;87.0;7;312;4.0625;403.25;2;0
35;109;"2023-10-21 00:00:00";23;90;"Music";379;3.1;230;90.0;6;67;3.8;256.4;10;0
70;102;"2023-01-01 00:00:00";22;99;"Clothing";50;3.8;330;99.0;8;360;3.94667;341.067;1;0
54;104;"2023-04-24 00:00:00";29;128;"Beauty";30;4.0;406;128.0;7;247;4.17143;385.429;4;0
81;104;"2023-12-31 00:00:00";16;141;"Beauty";30;4.0;240;141.0;9;-4;3.96667;396.133;12;0
63;102;"2023-01-05 00:00:00";25;112;"Clothing";50;3.8;225;112.0;6;356;3.71111;411.778;1;0
9;106;"2023-04-06 00:00:00";15;98;"Automotive";855;4.2;120;98.0;5;265;3.9375;511.625;4;0
62;104;"2023-05-08 00:00:00";30;139;"Beauty";30;4.0;240;139.0;6;233;3.7625;548.75;5;0
2;107;"2023-01-11 00:00:00";20;90;"Books";783;3.8;160;90.0;5;350;3.9375;404.625;1;0
82;105;"2023-10-13 00:00:00";30;147;"Electronics";800;4.8;360;147.0;7;75;4.13333;501.75;10;0
36;109;"2023-12-20 00:00:00";24;86;"Music";379;3.1;336;86.0;7;7;3.93571;435.786;12;0
92;106;"2023-12-28 00:00:00";24;113;"Automotive";855;4.2;360;113.0;8;-1;3.92667;363.733;12;0
41;108;"2023-08-29 00:00:00";20;82;"Sports";727;3.6;180;82.0;6;120;3.76667;293.778;8;0
37;102;"2023-01-14 00:00:00";19;86;"Clothing";50;3.8;266;86.0;8;347;4.07143;504.857;1;0
49;109;"2023-10-03 00:00:00";16;127;"Music";379;3.1;160;127.0;8;85;3.98;476.7;10;0
26;103;"2023-02-11 00:00:00";21;146;"Home & Kitchen";200;4.2;189;146.0;8;319;3.93333;363.333;2;0
68;101;"2023-07-24 00:00:00";26;109;"Electronics";500;4.5;416;109.0;9;156;3.975;538.438;7;0
36;101;"2023-02-21 00:00:00";24;86;"Electronics";500;4.5;336;86.0;7;309;3.93571;435.786;2;0
31;105;"2023-04-18 00:00:00";16;92;"Electronics";800;4.8;192;92.0;6;253;4.01667;312.917;4;0
30;103;"2023-05-25 00:00:00";23;103;"Home & Kitchen";200;4.2;299;103.0;10;216;3.93077;395.385;5;0
34;102;"2023-08-31 00:00:00";28;81;"Clothing";50;3.8;364;81.0;8;118;4.02308;546.0;8;0
19;103;"2023-01-15 00:00:00";22;150;"Home & Kitchen";200;4.2;242;150.0;7;346;3.94545;356.455;1;0
18;103;"2023-06-14 00:00:00";19;137;"Home & Kitchen";200;4.2;133;137.0;5;196;4.21429;390.429;6;0
94;104;"2023-04-25 00:00:00";18;96;"Beauty";30;4.0;180;96.0;4;246;4.15;217.9;4;0
85;105;"2023-05-13 00:00:00";25;142;"Electronics";800;4.8;200;142.0;6;228;4.0125;562.75;5;0
3;108;"2023-10-31 00:00:00";30;150;"Sports";727;3.6;240;150.0;5;57;3.7125;496.25;10;0
70;106;"2023-11-02 00:00:00";22;99;"Automotive";855;4.2;330;99.0;8;55;3.94667;341.067;11;0
13;102;"2023-09-12 00:00:00";22;134;"Clothing";50;3.8;264;134.0;7;106;4.08333;430.167;9;0
45;104;"2023-10-28 00:00:00";15;133;"Beauty";30;4.0;105;133.0;5;60;4.22857;415.571;10;0
67;102;"2023-03-11 00:00:00";29;144;"Clothing";50;3.8;261;144.0;6;291;3.81111;444.111;3;0
92;101;"2023-12-27 00:00:00";24;113;"Electronics";500;4.5;360;113.0;8;0;3.92667;363.733;12;0
86;102;"2023-09-30 00:00:00";25;136;"Clothing";50;3.8;175;136.0;6;88;3.68571;421.571;9;0
40;105;"2023-09-30 00:00:00";18;131;"Electronics";800;4.8;216;131.0;7;88;4.16667;462.833;9;0
40;101;"2023-09-24 00:00:00";18;131;"Electronics";500;4.5;216;131.0;7;94;4.16667;462.833;9;0
76;103;"2023-01-06 00:00:00";20;87;"Home & Kitchen";200;4.2;160;87.0;7;355;4.0625;403.25;1;0
23;102;"2023-03-09 00:00:00";27;100;"Clothing";50;3.8;216;100.0;7;293;4.0125;273.5;3;0
31;104;"2023-06-16 00:00:00";16;92;"Beauty";30;4.0;192;92.0;6;194;4.01667;312.917;6;0
18;102;"2023-10-02 00:00:00";19;137;"Clothing";50;3.8;133;137.0;5;86;4.21429;390.429;10;0
71;105;"2023-04-05 00:00:00";27;85;"Electronics";800;4.8;270;85.0;6;266;4.39;644.3;4;0
72;108;"2023-10-15 00:00:00";17;116;"Sports";727;3.6;204;116.0;7;73;3.78333;243.583;10;0
19;106;"2023-02-17 00:00:00";22;150;"Automotive";855;4.2;242;150.0;7;313;3.94545;356.455;2;0
93;107;"2023-10-05 00:00:00";24;84;"Books";783;3.8;240;84.0;5;83;4.01;371.5;10;0
44;110;"2023-02-25 00:00:00";30;85;"Toys";29;3.5;390;85.0;8;305;3.81538;412.154;2;0
84;103;"2023-11-27 00:00:00";24;136;"Home & Kitchen";200;4.2;336;136.0;8;30;4.12857;385.857;11;0
50;106;"2023-04-19 00:00:00";18;101;"Automotive";855;4.2;162;101.0;6;252;3.8;336.667;4;0
42;103;"2023-02-01 00:00:00";29;109;"Home & Kitchen";200;4.2;290;109.0;7;329;4.21;531.6;2;0
94;103;"2023-03-25 00:00:00";18;96;"Home & Kitchen";200;4.2;180;96.0;4;277;4.15;217.9;3;0
47;102;"2023-03-08 00:00:00";18;123;"Clothing";50;3.8;234;123.0;8;294;3.83077;379.615;3;0
22;104;"2023-05-28 00:00:00";23;130;"Beauty";30;4.0;184;130.0;5;213;3.9;237.5;5;0
74;109;"2023-06-09 00:00:00";15;106;"Music";379;3.1;165;106.0;9;201;3.83636;357.0;6;0
90;104;"2023-10-03 00:00:00";16;89;"Beauty";30;4.0;176;89.0;6;85;3.91818;370.091;10;0
97;101;"2023-10-23 00:00:00";26;87;"Electronics";500;4.5;208;87.0;4;65;3.725;614.125;10;0
92;108;"2023-03-03 00:00:00";24;113;"Sports";727;3.6;360;113.0;8;299;3.92667;363.733;3;0
74;104;"2023-04-08 00:00:00";15;106;"Beauty";30;4.0;165;106.0;9;263;3.83636;357.0;4;0
29;109;"2023-09-02 00:00:00";29;113;"Music";379;3.1;261;113.0;7;116;3.73333;508.778;9;0
82;103;"2023-08-25 00:00:00";30;147;"Home & Kitchen";200;4.2;360;147.0;7;124;4.13333;501.75;8;0
59;105;"2023-08-11 00:00:00";24;95;"Electronics";800;4.8;312;95.0;8;138;3.95385;431.385;8;0
1;104;"2023-05-03 00:00:00";25;120;"Beauty";30;4.0;500;120.0;9;238;4.04;471.7;5;0
87;102;"2023-07-10 00:00:00";30;128;"Clothing";50;3.8;240;128.0;6;170;4.3125;511.25;7;0
64;107;"2023-07-24 00:00:00";19;142;"Books";783;3.8;114;142.0;5;156;3.95;662.833;7;0
17;106;"2023-03-22 00:00:00";17;86;"Automotive";855;4.2;119;86.0;4;280;3.68571;449.143;3;0
37;109;"2023-05-15 00:00:00";19;86;"Music";379;3.1;266;86.0;8;226;4.07143;504.857;5;0
95;105;"2023-10-29 00:00:00";21;142;"Electronics";800;4.8;273;142.0;7;59;3.90769;393.385;10;0
25;104;"2023-06-08 00:00:00";16;80;"Beauty";30;4.0;176;80.0;7;202;3.88182;315.818;6;0
64;107;"2023-03-18 00:00:00";19;142;"Books";783;3.8;114;142.0;5;284;3.95;662.833;3;0
68;106;"2023-07-01 00:00:00";26;109;"Automotive";855;4.2;416;109.0;9;179;3.975;538.438;7;0
52;104;"2023-04-01 00:00:00";18;93;"Beauty";30;4.0;216;93.0;6;270;3.89167;389.333;4;0
9;108;"2023-05-15 00:00:00";15;98;"Sports";727;3.6;120;98.0;5;226;3.9375;511.625;5;0
57;109;"2023-05-01 00:00:00";16;110;"Music";379;3.1;128;110.0;7;240;3.7625;506.25;5;0
92;109;"2023-05-11 00:00:00";24;113;"Music";379;3.1;360;113.0;8;230;3.92667;363.733;5;0
94;104;"2023-06-04 00:00:00";18;96;"Beauty";30;4.0;180;96.0;4;206;4.15;217.9;6;0
88;108;"2023-08-27 00:00:00";23;97;"Sports";727;3.6;322;97.0;8;122;3.82143;472.643;8;0
33;109;"2023-10-09 00:00:00";24;118;"Music";379;3.1;264;118.0;7;79;3.78182;409.091;10;0
20;106;"2023-01-14 00:00:00";21;99;"Automotive";855;4.2;210;99.0;8;347;3.97;505.6;1;0
73;108;"2023-08-08 00:00:00";15;85;"Sports";727;3.6;165;85.0;8;141;3.87273;436.364;8;0
72;103;"2023-03-04 00:00:00";17;116;"Home & Kitchen";200;4.2;204;116.0;7;298;3.78333;243.583;3;0
88;108;"2023-02-27 00:00:00";23;97;"Sports";727;3.6;322;97.0;8;303;3.82143;472.643;2;0
14;109;"2023-10-21 00:00:00";24;80;"Music";379;3.1;240;80.0;6;67;3.99;423.2;10;0
59;101;"2023-04-18 00:00:00";24;95;"Electronics";500;4.5;312;95.0;8;253;3.95385;431.385;4;0
82;108;"2023-11-22 00:00:00";30;147;"Sports";727;3.6;360;147.0;7;35;4.13333;501.75;11;0
56;105;"2023-11-02 00:00:00";15;106;"Electronics";800;4.8;75;106.0;4;55;4.18;341.8;11;0
65;109;"2023-01-26 00:00:00";22;90;"Music";379;3.1;154;90.0;4;335;3.57143;554.857;1;0
76;105;"2023-09-26 00:00:00";20;87;"Electronics";800;4.8;160;87.0;7;92;4.0625;403.25;9;0
93;105;"2023-02-22 00:00:00";24;84;"Electronics";800;4.8;240;84.0;5;308;4.01;371.5;2;0
37;101;"2023-11-23 00:00:00";19;86;"Electronics";500;4.5;266;86.0;8;34;4.07143;504.857;11;0
26;105;"2023-09-11 00:00:00";21;146;"Electronics";800;4.8;189;146.0;8;107;3.93333;363.333;9;0
33;109;"2023-03-15 00:00:00";24;118;"Music";379;3.1;264;118.0;7;287;3.78182;409.091;3;0
43;101;"2023-03-14 00:00:00";30;89;"Electronics";500;4.5;240;89.0;6;288;3.925;452.0;3;0
15;101;"2023-05-25 00:00:00";18;90;"Electronics";500;4.5;90;90.0;5;216;4.14;568.0;5;0
87;105;"2023-12-18 00:00:00";30;128;"Electronics";800;4.8;240;128.0;6;9;4.3125;511.25;12;0
29;108;"2023-12-17 00:00:00";29;113;"Sports";727;3.6;261;113.0;7;10;3.73333;508.778;12;0
21;104;"2023-09-12 00:00:00";23;114;"Beauty";30;4.0;345;114.0;8;106;4.07333;369.467;9;0
83;108;"2023-08-18 00:00:00";19;96;"Sports";727;3.6;171;96.0;6;131;3.95556;471.556;8;0
69;108;"2023-10-22 00:00:00";17;102;"Sports";727;3.6;119;102.0;6;66;3.71429;209.286;10;0
23;103;"2023-06-26 00:00:00";27;100;"Home & Kitchen";200;4.2;216;100.0;7;184;4.0125;273.5;6;0
100;103;"2023-07-08 00:00:00";26;107;"Home & Kitchen";200;4.2;286;107.0;6;172;3.95455;391.091;7;0
84;102;"2023-01-07 00:00:00";24;136;"Clothing";50;3.8;336;136.0;8;354;4.12857;385.857;1;0
8;108;"2023-04-30 00:00:00";20;104;"Sports";727;3.6;240;104.0;7;241;3.825;313.75;4;0
73;101;"2023-01-02 00:00:00";15;85;"Electronics";500;4.5;165;85.0;8;359;3.87273;436.364;1;0
62;108;"2023-07-11 00:00:00";30;139;"Sports";727;3.6;240;139.0;6;169;3.7625;548.75;7;0
14;106;"2023-07-13 00:00:00";24;80;"Automotive";855;4.2;240;80.0;6;167;3.99;423.2;7;0
6;110;"2023-05-06 00:00:00";27;119;"Toys";29;3.5;324;119.0;5;235;3.81667;272.75;5;0
1;108;"2023-10-05 00:00:00";25;120;"Sports";727;3.6;500;120.0;9;83;4.04;471.7;10;0
9;102;"2023-10-30 00:00:00";15;98;"Clothing";50;3.8;120;98.0;5;58;3.9375;511.625;10;0
80;102;"2023-09-14 00:00:00";19;83;"Clothing";50;3.8;285;83.0;7;104;4.13333;347.4;9;0
80;103;"2023-08-03 00:00:00";19;83;"Home & Kitchen";200;4.2;285;83.0;7;146;4.13333;347.4;8;0
54;105;"2023-06-14 00:00:00";29;128;"Electronics";800;4.8;406;128.0;7;196;4.17143;385.429;6;0
12;102;"2023-06-04 00:00:00";18;125;"Clothing";50;3.8;162;125.0;6;206;3.65556;258.556;6;0
5;105;"2023-05-29 00:00:00";22;110;"Electronics";800;4.8;242;110.0;6;212;4.10909;559.727;5;0
40;106;"2023-12-07 00:00:00";18;131;"Automotive";855;4.2;216;131.0;7;20;4.16667;462.833;12;0
93;109;"2023-08-20 00:00:00";24;84;"Music";379;3.1;240;84.0;5;129;4.01;371.5;8;0
46;103;"2023-02-04 00:00:00";17;145;"Home & Kitchen";200;4.2;153;145.0;6;326;3.9;501.333;2;0
27;102;"2023-08-30 00:00:00";22;92;"Clothing";50;3.8;264;92.0;9;119;3.925;480.417;8;0
75;107;"2023-03-03 00:00:00";19;92;"Books";783;3.8;152;92.0;5;299;4.0;440.625;3;0
53;104;"2023-06-05 00:00:00";18;86;"Beauty";30;4.0;108;86.0;4;205;3.68333;580.833;6;0
50;101;"2023-08-17 00:00:00";18;101;"Electronics";500;4.5;162;101.0;6;132;3.8;336.667;8;0
92;104;"2023-03-15 00:00:00";24;113;"Beauty";30;4.0;360;113.0;8;287;3.92667;363.733;3;0
52;110;"2023-11-25 00:00:00";18;93;"Toys";29;3.5;216;93.0;6;32;3.89167;389.333;11;0
100;106;"2023-02-22 00:00:00";26;107;"Automotive";855;4.2;286;107.0;6;308;3.95455;391.091;2;0
19;102;"2023-03-26 00:00:00";22;150;"Clothing";50;3.8;242;150.0;7;276;3.94545;356.455;3;0
35;104;"2023-11-15 00:00:00";23;90;"Beauty";30;4.0;230;90.0;6;42;3.8;256.4;11;0
52;108;"2023-02-18 00:00:00";18;93;"Sports";727;3.6;216;93.0;6;312;3.89167;389.333;2;0
31;102;"2023-10-27 00:00:00";16;92;"Clothing";50;3.8;192;92.0;6;61;4.01667;312.917;10;0
54;102;"2023-05-22 00:00:00";29;128;"Clothing";50;3.8;406;128.0;7;219;4.17143;385.429;5;0
59;108;"2023-09-23 00:00:00";24;95;"Sports";727;3.6;312;95.0;8;95;3.95385;431.385;9;0
44;110;"2023-06-05 00:00:00";30;85;"Toys";29;3.5;390;85.0;8;205;3.81538;412.154;6;0
56;105;"2023-04-01 00:00:00";15;106;"Electronics";800;4.8;75;106.0;4;270;4.18;341.8;4;0
19;103;"2023-02-04 00:00:00";22;150;"Home & Kitchen";200;4.2;242;150.0;7;326;3.94545;356.455;2;0
46;101;"2023-11-23 00:00:00";17;145;"Electronics";500;4.5;153;145.0;6;34;3.9;501.333;11;0
88;104;"2023-02-07 00:00:00";23;97;"Beauty";30;4.0;322;97.0;8;323;3.82143;472.643;2;0
66;103;"2023-01-07 00:00:00";18;92;"Home & Kitchen";200;4.2;198;92.0;7;354;4.20909;472.818;1;0
71;105;"2023-11-11 00:00:00";27;85;"Electronics";800;4.8;270;85.0;6;46;4.39;644.3;11;0
54;101;"2023-03-27 00:00:00";29;128;"Electronics";500;4.5;406;128.0;7;275;4.17143;385.429;3;0
49;101;"2023-01-04 00:00:00";16;127;"Electronics";500;4.5;160;127.0;8;357;3.98;476.7;1;0
95;110;"2023-03-17 00:00:00";21;142;"Toys";29;3.5;273;142.0;7;285;3.90769;393.385;3;0
60;104;"2023-08-23 00:00:00";30;143;"Beauty";30;4.0;210;143.0;6;126;4.04286;426.571;8;0
81;109;"2023-09-25 00:00:00";16;141;"Music";379;3.1;240;141.0;9;93;3.96667;396.133;9;0
27;104;"2023-03-20 00:00:00";22;92;"Beauty";30;4.0;264;92.0;9;282;3.925;480.417;3;0
36;101;"2023-07-31 00:00:00";24;86;"Electronics";500;4.5;336;86.0;7;149;3.93571;435.786;7;0
59;105;"2023-10-10 00:00:00";24;95;"Electronics";800;4.8;312;95.0;8;78;3.95385;431.385;10;0
50;105;"2023-12-30 00:00:00";18;101;"Electronics";800;4.8;162;101.0;6;-3;3.8;336.667;12;0
74;101;"2023-09-13 00:00:00";15;106;"Electronics";500;4.5;165;106.0;9;105;3.83636;357.0;9;0
45;103;"2023-03-22 00:00:00";15;133;"Home & Kitchen";200;4.2;105;133.0;5;280;4.22857;415.571;3;0
14;106;"2023-06-13 00:00:00";24;80;"Automotive";855;4.2;240;80.0;6;197;3.99;423.2;6;0
71;106;"2023-02-22 00:00:00";27;85;"Automotive";855;4.2;270;85.0;6;308;4.39;644.3;2;0
39;109;"2023-03-22 00:00:00";15;130;"Music";379;3.1;120;130.0;6;280;3.95;543.375;3;0
40;103;"2023-07-08 00:00:00";18;131;"Home & Kitchen";200;4.2;216;131.0;7;172;4.16667;462.833;7;0
9;108;"2023-04-10 00:00:00";15;98;"Sports";727;3.6;120;98.0;5;261;3.9375;511.625;4;0
14;104;"2023-05-08 00:00:00";24;80;"Beauty";30;4.0;240;80.0;6;233;3.99;423.2;5;0
8;107;"2023-06-04 00:00:00";20;104;"Books";783;3.8;240;104.0;7;206;3.825;313.75;6;0
81;102;"2023-02-21 00:00:00";16;141;"Clothing";50;3.8;240;141.0;9;309;3.96667;396.133;2;0
23;101;"2023-12-02 00:00:00";27;100;"Electronics";500;4.5;216;100.0;7;25;4.0125;273.5;12;0
80;103;"2023-10-11 00:00:00";19;83;"Home & Kitchen";200;4.2;285;83.0;7;77;4.13333;347.4;10;0
90;103;"2023-05-13 00:00:00";16;89;"Home & Kitchen";200;4.2;176;89.0;6;228;3.91818;370.091;5;0
9;106;"2023-12-25 00:00:00";15;98;"Automotive";855;4.2;120;98.0;5;2;3.9375;511.625;12;0
100;106;"2023-08-02 00:00:00";26;107;"Automotive";855;4.2;286;107.0;6;147;3.95455;391.091;8;0
7;102;"2023-04-14 00:00:00";30;108;"Clothing";50;3.8;330;108.0;6;257;3.75455;374.182;4;0
82;103;"2023-08-30 00:00:00";30;147;"Home & Kitchen";200;4.2;360;147.0;7;119;4.13333;501.75;8;0
72;109;"2023-10-07 00:00:00";17;116;"Music";379;3.1;204;116.0;7;81;3.78333;243.583;10;0
85;108;"2023-12-30 00:00:00";25;142;"Sports";727;3.6;200;142.0;6;-3;4.0125;562.75;12;0
90;104;"2023-04-18 00:00:00";16;89;"Beauty";30;4.0;176;89.0;6;253;3.91818;370.091;4;0
67;108;"2023-01-23 00:00:00";29;144;"Sports";727;3.6;261;144.0;6;338;3.81111;444.111;1;0
61;104;"2023-12-15 00:00:00";15;117;"Beauty";30;4.0;135;117.0;6;12;3.76667;416.111;12;0
17;102;"2023-02-13 00:00:00";17;86;"Clothing";50;3.8;119;86.0;4;317;3.68571;449.143;2;0
57;101;"2023-01-07 00:00:00";16;110;"Electronics";500;4.5;128;110.0;7;354;3.7625;506.25;1;0
24;102;"2023-07-25 00:00:00";25;123;"Clothing";50;3.8;250;123.0;6;155;4.13;470.0;7;0
25;101;"2023-05-26 00:00:00";16;80;"Electronics";500;4.5;176;80.0;7;215;3.88182;315.818;5;0
5;109;"2023-05-06 00:00:00";22;110;"Music";379;3.1;242;110.0;6;235;4.10909;559.727;5;0
50;109;"2023-10-02 00:00:00";18;101;"Music";379;3.1;162;101.0;6;86;3.8;336.667;10;0
88;106;"2023-08-29 00:00:00";23;97;"Automotive";855;4.2;322;97.0;8;120;3.82143;472.643;8;0
31;104;"2023-05-11 00:00:00";16;92;"Beauty";30;4.0;192;92.0;6;230;4.01667;312.917;5;0
55;104;"2023-01-28 00:00:00";22;120;"Beauty";30;4.0;220;120.0;7;333;3.83;448.1;1;0
26;102;"2023-08-24 00:00:00";21;146;"Clothing";50;3.8;189;146.0;8;125;3.93333;363.333;8;0
21;101;"2023-07-27 00:00:00";23;114;"Electronics";500;4.5;345;114.0;8;153;4.07333;369.467;7;0
98;107;"2023-02-21 00:00:00";29;102;"Books";783;3.8;232;102.0;5;309;4.1875;485.375;2;0
58;102;"2023-08-04 00:00:00";24;85;"Clothing";50;3.8;216;85.0;5;145;3.83333;443.444;8;0
24;107;"2023-11-16 00:00:00";25;123;"Books";783;3.8;250;123.0;6;41;4.13;470.0;11;0
28;110;"2023-06-08 00:00:00";22;95;"Toys";29;3.5;132;95.0;4;202;3.83333;248.667;6;0
30;106;"2023-01-14 00:00:00";23;103;"Automotive";855;4.2;299;103.0;10;347;3.93077;395.385;1;0
34;108;"2023-12-15 00:00:00";28;81;"Sports";727;3.6;364;81.0;8;12;4.02308;546.0;12;0
54;101;"2023-08-31 00:00:00";29;128;"Electronics";500;4.5;406;128.0;7;118;4.17143;385.429;8;0
52;102;"2023-06-24 00:00:00";18;93;"Clothing";50;3.8;216;93.0;6;186;3.89167;389.333;6;0
87;105;"2023-06-23 00:00:00";30;128;"Electronics";800;4.8;240;128.0;6;187;4.3125;511.25;6;0
8;110;"2023-04-08 00:00:00";20;104;"Toys";29;3.5;240;104.0;7;263;3.825;313.75;4;0
10;106;"2023-09-18 00:00:00";18;147;"Automotive";855;4.2;180;147.0;6;100;3.98;519.7;9;0
55;102;"2023-05-19 00:00:00";22;120;"Clothing";50;3.8;220;120.0;7;222;3.83;448.1;5;0
1;107;"2023-03-05 00:00:00";25;120;"Books";783;3.8;500;120.0;9;297;4.04;471.7;3;0
84;106;"2023-10-02 00:00:00";24;136;"Automotive";855;4.2;336;136.0;8;86;4.12857;385.857;10;0
37;105;"2023-07-20 00:00:00";19;86;"Electronics";800;4.8;266;86.0;8;160;4.07143;504.857;7;0
82;105;"2023-04-30 00:00:00";30;147;"Electronics";800;4.8;360;147.0;7;241;4.13333;501.75;4;0
21;105;"2023-11-11 00:00:00";23;114;"Electronics";800;4.8;345;114.0;8;46;4.07333;369.467;11;0
4;108;"2023-07-21 00:00:00";15;80;"Sports";727;3.6;240;80.0;6;159;4.04375;282.125;7;0
43;103;"2023-08-27 00:00:00";30;89;"Home & Kitchen";200;4.2;240;89.0;6;122;3.925;452.0;8;0
66;103;"2023-01-13 00:00:00";18;92;"Home & Kitchen";200;4.2;198;92.0;7;348;4.20909;472.818;1;0
21;107;"2023-06-07 00:00:00";23;114;"Books";783;3.8;345;114.0;8;203;4.07333;369.467;6;0
37;106;"2023-03-20 00:00:00";19;86;"Automotive";855;4.2;266;86.0;8;282;4.07143;504.857;3;0
69;104;"2023-12-27 00:00:00";17;102;"Beauty";30;4.0;119;102.0;6;0;3.71429;209.286;12;0
81;101;"2023-03-19 00:00:00";16;141;"Electronics";500;4.5;240;141.0;9;283;3.96667;396.133;3;0
48;109;"2023-05-18 00:00:00";23;142;"Music";379;3.1;184;142.0;8;223;3.775;381.625;5;0
11;109;"2023-07-08 00:00:00";26;124;"Music";379;3.1;312;124.0;5;172;3.79167;405.0;7;0
95;102;"2023-03-18 00:00:00";21;142;"Clothing";50;3.8;273;142.0;7;284;3.90769;393.385;3;0
92;109;"2023-08-18 00:00:00";24;113;"Music";379;3.1;360;113.0;8;131;3.92667;363.733;8;0
44;108;"2023-06-07 00:00:00";30;85;"Sports";727;3.6;390;85.0;8;203;3.81538;412.154;6;0
64;106;"2023-04-20 00:00:00";19;142;"Automotive";855;4.2;114;142.0;5;251;3.95;662.833;4;0
32;108;"2023-03-17 00:00:00";20;85;"Sports";727;3.6;140;85.0;5;285;3.91429;508.571;3;0
21;110;"2023-11-12 00:00:00";23;114;"Toys";29;3.5;345;114.0;8;45;4.07333;369.467;11;0
71;105;"2023-05-24 00:00:00";27;85;"Electronics";800;4.8;270;85.0;6;217;4.39;644.3;5;0
10;101;"2023-06-10 00:00:00";18;147;"Electronics";500;4.5;180;147.0;6;200;3.98;519.7;6;0
61;108;"2023-09-12 00:00:00";15;117;"Sports";727;3.6;135;117.0;6;106;3.76667;416.111;9;0
92;103;"2023-07-28 00:00:00";24;113;"Home & Kitchen";200;4.2;360;113.0;8;152;3.92667;363.733;7;0
36;104;"2023-04-19 00:00:00";24;86;"Beauty";30;4.0;336;86.0;7;252;3.93571;435.786;4;0
84;110;"2023-04-25 00:00:00";24;136;"Toys";29;3.5;336;136.0;8;246;4.12857;385.857;4;0
77;106;"2023-01-12 00:00:00";20;132;"Automotive";855;4.2;200;132.0;5;349;4.08;464.2;1;0
19;105;"2023-09-29 00:00:00";22;150;"Electronics";800;4.8;242;150.0;7;89;3.94545;356.455;9;0
75;101;"2023-10-09 00:00:00";19;92;"Electronics";500;4.5;152;92.0;5;79;4.0;440.625;10;0
99;105;"2023-10-05 00:00:00";17;110;"Electronics";800;4.8;153;110.0;5;83;4.1;499.222;10;0
98;106;"2023-05-31 00:00:00";29;102;"Automotive";855;4.2;232;102.0;5;210;4.1875;485.375;5;0
44;109;"2023-09-08 00:00:00";30;85;"Music";379;3.1;390;85.0;8;110;3.81538;412.154;9;0
4;102;"2023-12-14 00:00:00";15;80;"Clothing";50;3.8;240;80.0;6;13;4.04375;282.125;12;0
13;105;"2023-04-19 00:00:00";22;134;"Electronics";800;4.8;264;134.0;7;252;4.08333;430.167;4;0
59;109;"2023-12-14 00:00:00";24;95;"Music";379;3.1;312;95.0;8;13;3.95385;431.385;12;0
2;101;"2023-08-20 00:00:00";20;90;"Electronics";500;4.5;160;90.0;5;129;3.9375;404.625;8;0
1;102;"2023-04-18 00:00:00";25;120;"Clothing";50;3.8;500;120.0;9;253;4.04;471.7;4;0
40;102;"2023-04-14 00:00:00";18;131;"Clothing";50;3.8;216;131.0;7;257;4.16667;462.833;4;0
25;109;"2023-04-10 00:00:00";16;80;"Music";379;3.1;176;80.0;7;261;3.88182;315.818;4;0
59;110;"2023-09-02 00:00:00";24;95;"Toys";29;3.5;312;95.0;8;116;3.95385;431.385;9;0
37;105;"2023-09-04 00:00:00";19;86;"Electronics";800;4.8;266;86.0;8;114;4.07143;504.857;9;0
100;110;"2023-11-05 00:00:00";26;107;"Toys";29;3.5;286;107.0;6;52;3.95455;391.091;11;0
70;101;"2023-10-27 00:00:00";22;99;"Electronics";500;4.5;330;99.0;8;61;3.94667;341.067;10;0
7;104;"2023-12-04 00:00:00";30;108;"Beauty";30;4.0;330;108.0;6;23;3.75455;374.182;12;0
4;101;"2023-03-06 00:00:00";15;80;"Electronics";500;4.5;240;80.0;6;296;4.04375;282.125;3;0
99;108;"2023-10-10 00:00:00";17;110;"Sports";727;3.6;153;110.0;5;78;4.1;499.222;10;0
41;101;"2023-05-16 00:00:00";20;82;"Electronics";500;4.5;180;82.0;6;225;3.76667;293.778;5;0
61;109;"2023-12-05 00:00:00";15;117;"Music";379;3.1;135;117.0;6;22;3.76667;416.111;12;0
34;102;"2023-11-28 00:00:00";28;81;"Clothing";50;3.8;364;81.0;8;29;4.02308;546.0;11;0
29;103;"2023-11-10 00:00:00";29;113;"Home & Kitchen";200;4.2;261;113.0;7;47;3.73333;508.778;11;0
69;109;"2023-07-06 00:00:00";17;102;"Music";379;3.1;119;102.0;6;174;3.71429;209.286;7;0
27;106;"2023-09-27 00:00:00";22;92;"Automotive";855;4.2;264;92.0;9;91;3.925;480.417;9;0
97;109;"2023-08-21 00:00:00";26;87;"Music";379;3.1;208;87.0;4;128;3.725;614.125;8;0
52;103;"2023-10-02 00:00:00";18;93;"Home & Kitchen";200;4.2;216;93.0;6;86;3.89167;389.333;10;0
74;102;"2023-05-26 00:00:00";15;106;"Clothing";50;3.8;165;106.0;9;215;3.83636;357.0;5;0
54;104;"2023-06-20 00:00:00";29;128;"Beauty";30;4.0;406;128.0;7;190;4.17143;385.429;6;0
70;106;"2023-10-28 00:00:00";22;99;"Automotive";855;4.2;330;99.0;8;60;3.94667;341.067;10;0
34;101;"2023-08-15 00:00:00";28;81;"Electronics";500;4.5;364;81.0;8;134;4.02308;546.0;8;0
8;103;"2023-07-23 00:00:00";20;104;"Home & Kitchen";200;4.2;240;104.0;7;157;3.825;313.75;7;0
95;106;"2023-12-10 00:00:00";21;142;"Automotive";855;4.2;273;142.0;7;17;3.90769;393.385;12;0
73;109;"2023-11-23 00:00:00";15;85;"Music";379;3.1;165;85.0;8;34;3.87273;436.364;11;0
85;107;"2023-07-26 00:00:00";25;142;"Books";783;3.8;200;142.0;6;154;4.0125;562.75;7;0
8;103;"2023-02-16 00:00:00";20;104;"Home & Kitchen";200;4.2;240;104.0;7;314;3.825;313.75;2;0
68;108;"2023-02-24 00:00:00";26;109;"Sports";727;3.6;416;109.0;9;306;3.975;538.438;2;0
86;108;"2023-06-28 00:00:00";25;136;"Sports";727;3.6;175;136.0;6;182;3.68571;421.571;6;0
92;102;"2023-02-13 00:00:00";24;113;"Clothing";50;3.8;360;113.0;8;317;3.92667;363.733;2;0
68;109;"2023-03-07 00:00:00";26;109;"Music";379;3.1;416;109.0;9;295;3.975;538.438;3;0
85;105;"2023-12-24 00:00:00";25;142;"Electronics";800;4.8;200;142.0;6;3;4.0125;562.75;12;0
72;110;"2023-09-20 00:00:00";17;116;"Toys";29;3.5;204;116.0;7;98;3.78333;243.583;9;0
84;104;"2023-05-02 00:00:00";24;136;"Beauty";30;4.0;336;136.0;8;239;4.12857;385.857;5;0
96;104;"2023-06-25 00:00:00";22;103;"Beauty";30;4.0;110;103.0;4;185;4.1;556.8;6;0
1;103;"2023-06-22 00:00:00";25;120;"Home & Kitchen";200;4.2;500;120.0;9;188;4.04;471.7;6;0
6;110;"2023-09-23 00:00:00";27;119;"Toys";29;3.5;324;119.0;5;95;3.81667;272.75;9;0
92;101;"2023-01-04 00:00:00";24;113;"Electronics";500;4.5;360;113.0;8;357;3.92667;363.733;1;0
31;105;"2023-05-04 00:00:00";16;92;"Electronics";800;4.8;192;92.0;6;237;4.01667;312.917;5;0
74;107;"2023-09-02 00:00:00";15;106;"Books";783;3.8;165;106.0;9;116;3.83636;357.0;9;0
84;105;"2023-02-04 00:00:00";24;136;"Electronics";800;4.8;336;136.0;8;326;4.12857;385.857;2;0
8;104;"2023-01-02 00:00:00";20;104;"Beauty";30;4.0;240;104.0;7;359;3.825;313.75;1;0
22;103;"2023-10-22 00:00:00";23;130;"Home & Kitchen";200;4.2;184;130.0;5;66;3.9;237.5;10;0
93;104;"2023-07-26 00:00:00";24;84;"Beauty";30;4.0;240;84.0;5;154;4.01;371.5;7;0
9;102;"2023-12-17 00:00:00";15;98;"Clothing";50;3.8;120;98.0;5;10;3.9375;511.625;12;0
44;102;"2023-05-22 00:00:00";30;85;"Clothing";50;3.8;390;85.0;8;219;3.81538;412.154;5;0
47;103;"2023-12-09 00:00:00";18;123;"Home & Kitchen";200;4.2;234;123.0;8;18;3.83077;379.615;12;0
1;108;"2023-02-16 00:00:00";25;120;"Sports";727;3.6;500;120.0;9;314;4.04;471.7;2;0
52;103;"2023-12-10 00:00:00";18;93;"Home & Kitchen";200;4.2;216;93.0;6;17;3.89167;389.333;12;0
39;108;"2023-10-21 00:00:00";15;130;"Sports";727;3.6;120;130.0;6;67;3.95;543.375;10;0
90;101;"2023-12-16 00:00:00";16;89;"Electronics";500;4.5;176;89.0;6;11;3.91818;370.091;12;0
75;102;"2023-08-26 00:00:00";19;92;"Clothing";50;3.8;152;92.0;5;123;4.0;440.625;8;0
99;109;"2023-08-23 00:00:00";17;110;"Music";379;3.1;153;110.0;5;126;4.1;499.222;8;0
88;101;"2023-12-13 00:00:00";23;97;"Electronics";500;4.5;322;97.0;8;14;3.82143;472.643;12;0
97;106;"2023-03-24 00:00:00";26;87;"Automotive";855;4.2;208;87.0;4;278;3.725;614.125;3;0
84;103;"2023-01-07 00:00:00";24;136;"Home & Kitchen";200;4.2;336;136.0;8;354;4.12857;385.857;1;0
27;109;"2023-03-16 00:00:00";22;92;"Music";379;3.1;264;92.0;9;286;3.925;480.417;3;0
79;101;"2023-01-02 00:00:00";23;80;"Electronics";500;4.5;184;80.0;7;359;3.8875;261.625;1;0
33;105;"2023-06-26 00:00:00";24;118;"Electronics";800;4.8;264;118.0;7;184;3.78182;409.091;6;0
71;101;"2023-12-02 00:00:00";27;85;"Electronics";500;4.5;270;85.0;6;25;4.39;644.3;12;0
98;104;"2023-10-03 00:00:00";29;102;"Beauty";30;4.0;232;102.0;5;85;4.1875;485.375;10;0
45;109;"2023-09-12 00:00:00";15;133;"Music";379;3.1;105;133.0;5;106;4.22857;415.571;9;0
60;102;"2023-05-28 00:00:00";30;143;"Clothing";50;3.8;210;143.0;6;213;4.04286;426.571;5;0
58;107;"2023-11-18 00:00:00";24;85;"Books";783;3.8;216;85.0;5;39;3.83333;443.444;11;0
51;105;"2023-08-17 00:00:00";28;98;"Electronics";800;4.8;224;98.0;6;132;4.0875;447.75;8;0
46;107;"2023-09-23 00:00:00";17;145;"Books";783;3.8;153;145.0;6;95;3.9;501.333;9;0
5;110;"2023-08-22 00:00:00";22;110;"Toys";29;3.5;242;110.0;6;127;4.10909;559.727;8;0
58;107;"2023-01-14 00:00:00";24;85;"Books";783;3.8;216;85.0;5;347;3.83333;443.444;1;0
94;105;"2023-11-23 00:00:00";18;96;"Electronics";800;4.8;180;96.0;4;34;4.15;217.9;11;0
92;108;"2023-09-24 00:00:00";24;113;"Sports";727;3.6;360;113.0;8;94;3.92667;363.733;9;0
18;103;"2023-05-02 00:00:00";19;137;"Home & Kitchen";200;4.2;133;137.0;5;239;4.21429;390.429;5;0
36;110;"2023-10-27 00:00:00";24;86;"Toys";29;3.5;336;86.0;7;61;3.93571;435.786;10;0
67;109;"2023-04-12 00:00:00";29;144;"Music";379;3.1;261;144.0;6;259;3.81111;444.111;4;0
21;101;"2023-06-18 00:00:00";23;114;"Electronics";500;4.5;345;114.0;8;192;4.07333;369.467;6;0
46;109;"2023-09-02 00:00:00";17;145;"Music";379;3.1;153;145.0;6;116;3.9;501.333;9;0
58;107;"2023-09-29 00:00:00";24;85;"Books";783;3.8;216;85.0;5;89;3.83333;443.444;9;0
80;103;"2023-01-15 00:00:00";19;83;"Home & Kitchen";200;4.2;285;83.0;7;346;4.13333;347.4;1;0
37;107;"2023-01-01 00:00:00";19;86;"Books";783;3.8;266;86.0;8;360;4.07143;504.857;1;0
63;110;"2023-10-19 00:00:00";25;112;"Toys";29;3.5;225;112.0;6;69;3.71111;411.778;10;0
5;106;"2023-04-08 00:00:00";22;110;"Automotive";855;4.2;242;110.0;6;263;4.10909;559.727;4;0
78;104;"2023-09-20 00:00:00";21;109;"Beauty";30;4.0;126;109.0;4;98;4.38333;502.5;9;0
31;108;"2023-03-30 00:00:00";16;92;"Sports";727;3.6;192;92.0;6;272;4.01667;312.917;3;0
88;109;"2023-01-04 00:00:00";23;97;"Music";379;3.1;322;97.0;8;357;3.82143;472.643;1;0
99;104;"2023-11-21 00:00:00";17;110;"Beauty";30;4.0;153;110.0;5;36;4.1;499.222;11;0
36;109;"2023-04-12 00:00:00";24;86;"Music";379;3.1;336;86.0;7;259;3.93571;435.786;4;0
74;109;"2023-12-18 00:00:00";15;106;"Music";379;3.1;165;106.0;9;9;3.83636;357.0;12;0
91;110;"2023-04-25 00:00:00";22;142;"Toys";29;3.5;198;142.0;6;246;4.14444;635.667;4;0
56;110;"2023-03-09 00:00:00";15;106;"Toys";29;3.5;75;106.0;4;293;4.18;341.8;3;0
27;105;"2023-10-18 00:00:00";22;92;"Electronics";800;4.8;264;92.0;9;70;3.925;480.417;10;0
23;105;"2023-09-27 00:00:00";27;100;"Electronics";800;4.8;216;100.0;7;91;4.0125;273.5;9;0
77;102;"2023-04-24 00:00:00";20;132;"Clothing";50;3.8;200;132.0;5;247;4.08;464.2;4;0
80;101;"2023-12-29 00:00:00";19;83;"Electronics";500;4.5;285;83.0;7;-2;4.13333;347.4;12;0
99;108;"2023-06-18 00:00:00";17;110;"Sports";727;3.6;153;110.0;5;192;4.1;499.222;6;0
91;107;"2023-10-22 00:00:00";22;142;"Books";783;3.8;198;142.0;6;66;4.14444;635.667;10;0
52;103;"2023-02-12 00:00:00";18;93;"Home & Kitchen";200;4.2;216;93.0;6;318;3.89167;389.333;2;0
47;102;"2023-11-20 00:00:00";18;123;"Clothing";50;3.8;234;123.0;8;37;3.83077;379.615;11;0
81;101;"2023-10-11 00:00:00";16;141;"Electronics";500;4.5;240;141.0;9;77;3.96667;396.133;10;0
62;107;"2023-05-24 00:00:00";30;139;"Books";783;3.8;240;139.0;6;217;3.7625;548.75;5;0
61;102;"2023-08-31 00:00:00";15;117;"Clothing";50;3.8;135;117.0;6;118;3.76667;416.111;8;0
48;107;"2023-08-23 00:00:00";23;142;"Books";783;3.8;184;142.0;8;126;3.775;381.625;8;0
1;108;"2023-04-14 00:00:00";25;120;"Sports";727;3.6;500;120.0;9;257;4.04;471.7;4;0
11;102;"2023-06-28 00:00:00";26;124;"Clothing";50;3.8;312;124.0;5;182;3.79167;405.0;6;0
76;106;"2023-02-14 00:00:00";20;87;"Automotive";855;4.2;160;87.0;7;316;4.0625;403.25;2;0
14;103;"2023-12-07 00:00:00";24;80;"Home & Kitchen";200;4.2;240;80.0;6;20;3.99;423.2;12;0
72;101;"2023-02-22 00:00:00";17;116;"Electronics";500;4.5;204;116.0;7;308;3.78333;243.583;2;0
95;103;"2023-07-23 00:00:00";21;142;"Home & Kitchen";200;4.2;273;142.0;7;157;3.90769;393.385;7;0
7;107;"2023-06-22 00:00:00";30;108;"Books";783;3.8;330;108.0;6;188;3.75455;374.182;6;0
46;107;"2023-03-23 00:00:00";17;145;"Books";783;3.8;153;145.0;6;279;3.9;501.333;3;0
31;104;"2023-05-14 00:00:00";16;92;"Beauty";30;4.0;192;92.0;6;227;4.01667;312.917;5;0
16;106;"2023-03-25 00:00:00";20;147;"Automotive";855;4.2;80;147.0;4;277;4.0;541.75;3;0
42;105;"2023-07-19 00:00:00";29;109;"Electronics";800;4.8;290;109.0;7;161;4.21;531.6;7;0
39;108;"2023-09-13 00:00:00";15;130;"Sports";727;3.6;120;130.0;6;105;3.95;543.375;9;0
54;104;"2023-11-21 00:00:00";29;128;"Beauty";30;4.0;406;128.0;7;36;4.17143;385.429;11;0
44;103;"2023-04-06 00:00:00";30;85;"Home & Kitchen";200;4.2;390;85.0;8;265;3.81538;412.154;4;0
83;107;"2023-12-16 00:00:00";19;96;"Books";783;3.8;171;96.0;6;11;3.95556;471.556;12;0
8;110;"2023-04-17 00:00:00";20;104;"Toys";29;3.5;240;104.0;7;254;3.825;313.75;4;0
93;102;"2023-08-31 00:00:00";24;84;"Clothing";50;3.8;240;84.0;5;118;4.01;371.5;8;0
66;106;"2023-04-02 00:00:00";18;92;"Automotive";855;4.2;198;92.0;7;269;4.20909;472.818;4;0
42;102;"2023-06-10 00:00:00";29;109;"Clothing";50;3.8;290;109.0;7;200;4.21;531.6;6;0
67;110;"2023-07-30 00:00:00";29;144;"Toys";29;3.5;261;144.0;6;150;3.81111;444.111;7;0
93;104;"2023-12-31 00:00:00";24;84;"Beauty";30;4.0;240;84.0;5;-4;4.01;371.5;12;0
79;102;"2023-05-18 00:00:00";23;80;"Clothing";50;3.8;184;80.0;7;223;3.8875;261.625;5;0
92;101;"2023-02-24 00:00:00";24;113;"Electronics";500;4.5;360;113.0;8;306;3.92667;363.733;2;0
32;108;"2023-01-26 00:00:00";20;85;"Sports";727;3.6;140;85.0;5;335;3.91429;508.571;1;0
94;104;"2023-06-11 00:00:00";18;96;"Beauty";30;4.0;180;96.0;4;199;4.15;217.9;6;0
51;110;"2023-01-18 00:00:00";28;98;"Toys";29;3.5;224;98.0;6;343;4.0875;447.75;1;0
47;107;"2023-01-17 00:00:00";18;123;"Books";783;3.8;234;123.0;8;344;3.83077;379.615;1;0
94;105;"2023-02-19 00:00:00";18;96;"Electronics";800;4.8;180;96.0;4;311;4.15;217.9;2;0
34;105;"2023-03-04 00:00:00";28;81;"Electronics";800;4.8;364;81.0;8;298;4.02308;546.0;3;0
13;104;"2023-11-24 00:00:00";22;134;"Beauty";30;4.0;264;134.0;7;33;4.08333;430.167;11;0
97;106;"2023-12-17 00:00:00";26;87;"Automotive";855;4.2;208;87.0;4;10;3.725;614.125;12;0
81;105;"2023-03-28 00:00:00";16;141;"Electronics";800;4.8;240;141.0;9;274;3.96667;396.133;3;0
67;105;"2023-06-15 00:00:00";29;144;"Electronics";800;4.8;261;144.0;6;195;3.81111;444.111;6;0
73;110;"2023-09-23 00:00:00";15;85;"Toys";29;3.5;165;85.0;8;95;3.87273;436.364;9;0
11;101;"2023-05-21 00:00:00";26;124;"Electronics";500;4.5;312;124.0;5;220;3.79167;405.0;5;0
91;101;"2023-03-30 00:00:00";22;142;"Electronics";500;4.5;198;142.0;6;272;4.14444;635.667;3;0
28;110;"2023-07-04 00:00:00";22;95;"Toys";29;3.5;132;95.0;4;176;3.83333;248.667;7;0
57;106;"2023-03-20 00:00:00";16;110;"Automotive";855;4.2;128;110.0;7;282;3.7625;506.25;3;0
66;101;"2023-02-15 00:00:00";18;92;"Electronics";500;4.5;198;92.0;7;315;4.20909;472.818;2;0
65;107;"2023-10-17 00:00:00";22;90;"Books";783;3.8;154;90.0;4;71;3.57143;554.857;10;0
70;104;"2023-07-10 00:00:00";22;99;"Beauty";30;4.0;330;99.0;8;170;3.94667;341.067;7;0
89;109;"2023-01-05 00:00:00";16;137;"Music";379;3.1;176;137.0;7;356;4.24545;635.818;1;0
35;110;"2023-11-22 00:00:00";23;90;"Toys";29;3.5;230;90.0;6;35;3.8;256.4;11;0
80;107;"2023-05-06 00:00:00";19;83;"Books";783;3.8;285;83.0;7;235;4.13333;347.4;5;0
4;103;"2023-03-18 00:00:00";15;80;"Home & Kitchen";200;4.2;240;80.0;6;284;4.04375;282.125;3;0
61;102;"2023-06-19 00:00:00";15;117;"Clothing";50;3.8;135;117.0;6;191;3.76667;416.111;6;0
38;108;"2023-09-14 00:00:00";18;118;"Sports";727;3.6;180;118.0;6;104;3.62;290.8;9;0
44;108;"2023-07-17 00:00:00";30;85;"Sports";727;3.6;390;85.0;8;163;3.81538;412.154;7;0
84;107;"2023-05-31 00:00:00";24;136;"Books";783;3.8;336;136.0;8;210;4.12857;385.857;5;0
89;108;"2023-08-22 00:00:00";16;137;"Sports";727;3.6;176;137.0;7;127;4.24545;635.818;8;0
71;106;"2023-12-20 00:00:00";27;85;"Automotive";855;4.2;270;85.0;6;7;4.39;644.3;12;0
21;110;"2023-06-27 00:00:00";23;114;"Toys";29;3.5;345;114.0;8;183;4.07333;369.467;6;0
7;109;"2023-04-26 00:00:00";30;108;"Music";379;3.1;330;108.0;6;245;3.75455;374.182;4;0
29;109;"2023-11-18 00:00:00";29;113;"Music";379;3.1;261;113.0;7;39;3.73333;508.778;11;0
7;102;"2023-07-18 00:00:00";30;108;"Clothing";50;3.8;330;108.0;6;162;3.75455;374.182;7;0
67;105;"2023-05-03 00:00:00";29;144;"Electronics";800;4.8;261;144.0;6;238;3.81111;444.111;5;0
93;107;"2023-01-17 00:00:00";24;84;"Books";783;3.8;240;84.0;5;344;4.01;371.5;1;0
93;105;"2023-07-19 00:00:00";24;84;"Electronics";800;4.8;240;84.0;5;161;4.01;371.5;7;0
70;103;"2023-10-22 00:00:00";22;99;"Home & Kitchen";200;4.2;330;99.0;8;66;3.94667;341.067;10;0
74;108;"2023-04-18 00:00:00";15;106;"Sports";727;3.6;165;106.0;9;253;3.83636;357.0;4;0
55;109;"2023-03-26 00:00:00";22;120;"Music";379;3.1;220;120.0;7;276;3.83;448.1;3;0
78;106;"2023-07-30 00:00:00";21;109;"Automotive";855;4.2;126;109.0;4;150;4.38333;502.5;7;0
22;108;"2023-04-26 00:00:00";23;130;"Sports";727;3.6;184;130.0;5;245;3.9;237.5;4;0
32;110;"2023-06-12 00:00:00";20;85;"Toys";29;3.5;140;85.0;5;198;3.91429;508.571;6;0
82;110;"2023-04-24 00:00:00";30;147;"Toys";29;3.5;360;147.0;7;247;4.13333;501.75;4;0
36;107;"2023-07-22 00:00:00";24;86;"Books";783;3.8;336;86.0;7;158;3.93571;435.786;7;0
9;110;"2023-09-13 00:00:00";15;98;"Toys";29;3.5;120;98.0;5;105;3.9375;511.625;9;0
26;110;"2023-12-26 00:00:00";21;146;"Toys";29;3.5;189;146.0;8;1;3.93333;363.333;12;0
22;104;"2023-10-24 00:00:00";23;130;"Beauty";30;4.0;184;130.0;5;64;3.9;237.5;10;0
46;110;"2023-02-10 00:00:00";17;145;"Toys";29;3.5;153;145.0;6;320;3.9;501.333;2;0
87;104;"2023-04-05 00:00:00";30;128;"Beauty";30;4.0;240;128.0;6;266;4.3125;511.25;4;0
17;108;"2023-06-14 00:00:00";17;86;"Sports";727;3.6;119;86.0;4;196;3.68571;449.143;6;0
26;103;"2023-04-09 00:00:00";21;146;"Home & Kitchen";200;4.2;189;146.0;8;262;3.93333;363.333;4;0
38;109;"2023-03-01 00:00:00";18;118;"Music";379;3.1;180;118.0;6;301;3.62;290.8;3;0
2;102;"2023-03-31 00:00:00";20;90;"Clothing";50;3.8;160;90.0;5;271;3.9375;404.625;3;0
6;104;"2023-07-04 00:00:00";27;119;"Beauty";30;4.0;324;119.0;5;176;3.81667;272.75;7;0
71;103;"2023-05-08 00:00:00";27;85;"Home & Kitchen";200;4.2;270;85.0;6;233;4.39;644.3;5;0
13;102;"2023-10-15 00:00:00";22;134;"Clothing";50;3.8;264;134.0;7;73;4.08333;430.167;10;0
91;108;"2023-11-01 00:00:00";22;142;"Sports";727;3.6;198;142.0;6;56;4.14444;635.667;11;0
75;109;"2023-05-07 00:00:00";19;92;"Music";379;3.1;152;92.0;5;234;4.0;440.625;5;0
55;108;"2023-11-17 00:00:00";22;120;"Sports";727;3.6;220;120.0;7;40;3.83;448.1;11;0
79;106;"2023-02-07 00:00:00";23;80;"Automotive";855;4.2;184;80.0;7;323;3.8875;261.625;2;0
63;108;"2023-06-17 00:00:00";25;112;"Sports";727;3.6;225;112.0;6;193;3.71111;411.778;6;0
73;108;"2023-01-13 00:00:00";15;85;"Sports";727;3.6;165;85.0;8;348;3.87273;436.364;1;0
72;102;"2023-12-07 00:00:00";17;116;"Clothing";50;3.8;204;116.0;7;20;3.78333;243.583;12;0
46;106;"2023-11-29 00:00:00";17;145;"Automotive";855;4.2;153;145.0;6;28;3.9;501.333;11;0
6;107;"2023-05-01 00:00:00";27;119;"Books";783;3.8;324;119.0;5;240;3.81667;272.75;5;0
48;106;"2023-11-10 00:00:00";23;142;"Automotive";855;4.2;184;142.0;8;47;3.775;381.625;11;0
60;109;"2023-05-30 00:00:00";30;143;"Music";379;3.1;210;143.0;6;211;4.04286;426.571;5;0
43;109;"2023-12-31 00:00:00";30;89;"Music";379;3.1;240;89.0;6;-4;3.925;452.0;12;0
68;102;"2023-01-13 00:00:00";26;109;"Clothing";50;3.8;416;109.0;9;348;3.975;538.438;1;0
11;106;"2023-05-26 00:00:00";26;124;"Automotive";855;4.2;312;124.0;5;215;3.79167;405.0;5;0
58;103;"2023-04-22 00:00:00";24;85;"Home & Kitchen";200;4.2;216;85.0;5;249;3.83333;443.444;4;0
92;110;"2023-06-07 00:00:00";24;113;"Toys";29;3.5;360;113.0;8;203;3.92667;363.733;6;0
90;106;"2023-10-21 00:00:00";16;89;"Automotive";855;4.2;176;89.0;6;67;3.91818;370.091;10;0
4;102;"2023-01-01 00:00:00";15;80;"Clothing";50;3.8;240;80.0;6;360;4.04375;282.125;1;0
79;109;"2023-10-07 00:00:00";23;80;"Music";379;3.1;184;80.0;7;81;3.8875;261.625;10;0
83;102;"2023-05-17 00:00:00";19;96;"Clothing";50;3.8;171;96.0;6;224;3.95556;471.556;5;0
70;108;"2023-02-23 00:00:00";22;99;"Sports";727;3.6;330;99.0;8;307;3.94667;341.067;2;0
59;109;"2023-07-30 00:00:00";24;95;"Music";379;3.1;312;95.0;8;150;3.95385;431.385;7;0
5;106;"2023-12-03 00:00:00";22;110;"Automotive";855;4.2;242;110.0;6;24;4.10909;559.727;12;0
18;101;"2023-09-27 00:00:00";19;137;"Electronics";500;4.5;133;137.0;5;91;4.21429;390.429;9;0
70;102;"2023-06-15 00:00:00";22;99;"Clothing";50;3.8;330;99.0;8;195;3.94667;341.067;6;0
64;110;"2023-02-10 00:00:00";19;142;"Toys";29;3.5;114;142.0;5;320;3.95;662.833;2;0
95;106;"2023-06-04 00:00:00";21;142;"Automotive";855;4.2;273;142.0;7;206;3.90769;393.385;6;0
25;102;"2023-12-17 00:00:00";16;80;"Clothing";50;3.8;176;80.0;7;10;3.88182;315.818;12;0
4;105;"2023-10-29 00:00:00";15;80;"Electronics";800;4.8;240;80.0;6;59;4.04375;282.125;10;0
70;110;"2023-12-03 00:00:00";22;99;"Toys";29;3.5;330;99.0;8;24;3.94667;341.067;12;0
41;109;"2023-11-11 00:00:00";20;82;"Music";379;3.1;180;82.0;6;46;3.76667;293.778;11;0
37;103;"2023-06-01 00:00:00";19;86;"Home & Kitchen";200;4.2;266;86.0;8;209;4.07143;504.857;6;0
59;109;"2023-09-12 00:00:00";24;95;"Music";379;3.1;312;95.0;8;106;3.95385;431.385;9;0
50;104;"2023-08-31 00:00:00";18;101;"Beauty";30;4.0;162;101.0;6;118;3.8;336.667;8;0
56;104;"2023-08-23 00:00:00";15;106;"Beauty";30;4.0;75;106.0;4;126;4.18;341.8;8;0
25;108;"2023-09-03 00:00:00";16;80;"Sports";727;3.6;176;80.0;7;115;3.88182;315.818;9;0
34;105;"2023-01-19 00:00:00";28;81;"Electronics";800;4.8;364;81.0;8;342;4.02308;546.0;1;0
19;109;"2023-12-11 00:00:00";22;150;"Music";379;3.1;242;150.0;7;16;3.94545;356.455;12;0
98;104;"2023-08-28 00:00:00";29;102;"Beauty";30;4.0;232;102.0;5;121;4.1875;485.375;8;0
79;104;"2023-11-17 00:00:00";23;80;"Beauty";30;4.0;184;80.0;7;40;3.8875;261.625;11;0
8;102;"2023-06-25 00:00:00";20;104;"Clothing";50;3.8;240;104.0;7;185;3.825;313.75;6;0
54;108;"2023-12-20 00:00:00";29;128;"Sports";727;3.6;406;128.0;7;7;4.17143;385.429;12;0
47;106;"2023-01-25 00:00:00";18;123;"Automotive";855;4.2;234;123.0;8;336;3.83077;379.615;1;0
34;106;"2023-07-30 00:00:00";28;81;"Automotive";855;4.2;364;81.0;8;150;4.02308;546.0;7;0
82;108;"2023-10-24 00:00:00";30;147;"Sports";727;3.6;360;147.0;7;64;4.13333;501.75;10;0
30;108;"2023-05-18 00:00:00";23;103;"Sports";727;3.6;299;103.0;10;223;3.93077;395.385;5;0
13;104;"2023-11-25 00:00:00";22;134;"Beauty";30;4.0;264;134.0;7;32;4.08333;430.167;11;0
47;103;"2023-07-19 00:00:00";18;123;"Home & Kitchen";200;4.2;234;123.0;8;161;3.83077;379.615;7;0
33;102;"2023-10-25 00:00:00";24;118;"Clothing";50;3.8;264;118.0;7;63;3.78182;409.091;10;0
35;103;"2023-10-03 00:00:00";23;90;"Home & Kitchen";200;4.2;230;90.0;6;85;3.8;256.4;10;0
88;110;"2023-08-03 00:00:00";23;97;"Toys";29;3.5;322;97.0;8;146;3.82143;472.643;8;0
26;106;"2023-11-20 00:00:00";21;146;"Automotive";855;4.2;189;146.0;8;37;3.93333;363.333;11;0
47;109;"2023-05-08 00:00:00";18;123;"Music";379;3.1;234;123.0;8;233;3.83077;379.615;5;0
53;109;"2023-04-30 00:00:00";18;86;"Music";379;3.1;108;86.0;4;241;3.68333;580.833;4;0
65;109;"2023-11-19 00:00:00";22;90;"Music";379;3.1;154;90.0;4;38;3.57143;554.857;11;0
77;103;"2023-08-04 00:00:00";20;132;"Home & Kitchen";200;4.2;200;132.0;5;145;4.08;464.2;8;0
74;103;"2023-08-24 00:00:00";15;106;"Home & Kitchen";200;4.2;165;106.0;9;125;3.83636;357.0;8;0
19;109;"2023-01-25 00:00:00";22;150;"Music";379;3.1;242;150.0;7;336;3.94545;356.455;1;0
5;105;"2023-03-26 00:00:00";22;110;"Electronics";800;4.8;242;110.0;6;276;4.10909;559.727;3;0
8;102;"2023-06-13 00:00:00";20;104;"Clothing";50;3.8;240;104.0;7;197;3.825;313.75;6;0
4;102;"2023-02-02 00:00:00";15;80;"Clothing";50;3.8;240;80.0;6;328;4.04375;282.125;2;0
49;101;"2023-10-18 00:00:00";16;127;"Electronics";500;4.5;160;127.0;8;70;3.98;476.7;10;0
77;103;"2023-02-12 00:00:00";20;132;"Home & Kitchen";200;4.2;200;132.0;5;318;4.08;464.2;2;0
38;102;"2023-12-15 00:00:00";18;118;"Clothing";50;3.8;180;118.0;6;12;3.62;290.8;12;0
49;108;"2023-02-07 00:00:00";16;127;"Sports";727;3.6;160;127.0;8;323;3.98;476.7;2;0
83;101;"2023-08-17 00:00:00";19;96;"Electronics";500;4.5;171;96.0;6;132;3.95556;471.556;8;0
52;103;"2023-12-05 00:00:00";18;93;"Home & Kitchen";200;4.2;216;93.0;6;22;3.89167;389.333;12;0
50;110;"2023-02-25 00:00:00";18;101;"Toys";29;3.5;162;101.0;6;305;3.8;336.667;2;0
72;104;"2023-12-29 00:00:00";17;116;"Beauty";30;4.0;204;116.0;7;-2;3.78333;243.583;12;0
91;105;"2023-02-05 00:00:00";22;142;"Electronics";800;4.8;198;142.0;6;325;4.14444;635.667;2;0
50;110;"2023-12-22 00:00:00";18;101;"Toys";29;3.5;162;101.0;6;5;3.8;336.667;12;0
30;104;"2023-03-07 00:00:00";23;103;"Beauty";30;4.0;299;103.0;10;295;3.93077;395.385;3;0
4;101;"2023-12-16 00:00:00";15;80;"Electronics";500;4.5;240;80.0;6;11;4.04375;282.125;12;0
75;101;"2023-05-29 00:00:00";19;92;"Electronics";500;4.5;152;92.0;5;212;4.0;440.625;5;0
85;107;"2023-08-18 00:00:00";25;142;"Books";783;3.8;200;142.0;6;131;4.0125;562.75;8;0
66;105;"2023-12-22 00:00:00";18;92;"Electronics";800;4.8;198;92.0;7;5;4.20909;472.818;12;0
21;104;"2023-10-30 00:00:00";23;114;"Beauty";30;4.0;345;114.0;8;58;4.07333;369.467;10;0
81;104;"2023-12-21 00:00:00";16;141;"Beauty";30;4.0;240;141.0;9;6;3.96667;396.133;12;0
43;102;"2023-04-02 00:00:00";30;89;"Clothing";50;3.8;240;89.0;6;269;3.925;452.0;4;0
29;101;"2023-03-04 00:00:00";29;113;"Electronics";500;4.5;261;113.0;7;298;3.73333;508.778;3;0
27;108;"2023-03-04 00:00:00";22;92;"Sports";727;3.6;264;92.0;9;298;3.925;480.417;3;0
88;109;"2023-09-09 00:00:00";23;97;"Music";379;3.1;322;97.0;8;109;3.82143;472.643;9;0
53;107;"2023-03-20 00:00:00";18;86;"Books";783;3.8;108;86.0;4;282;3.68333;580.833;3;0
49;103;"2023-12-29 00:00:00";16;127;"Home & Kitchen";200;4.2;160;127.0;8;-2;3.98;476.7;12;0
67;109;"2023-06-08 00:00:00";29;144;"Music";379;3.1;261;144.0;6;202;3.81111;444.111;6;0
10;109;"2023-12-14 00:00:00";18;147;"Music";379;3.1;180;147.0;6;13;3.98;519.7;12;0
3;110;"2023-02-21 00:00:00";30;150;"Toys";29;3.5;240;150.0;5;309;3.7125;496.25;2;0
90;107;"2023-01-05 00:00:00";16;89;"Books";783;3.8;176;89.0;6;356;3.91818;370.091;1;0
91;105;"2023-07-16 00:00:00";22;142;"Electronics";800;4.8;198;142.0;6;164;4.14444;635.667;7;0
69;102;"2023-08-22 00:00:00";17;102;"Clothing";50;3.8;119;102.0;6;127;3.71429;209.286;8;0
11;109;"2023-10-25 00:00:00";26;124;"Music";379;3.1;312;124.0;5;63;3.79167;405.0;10;0
13;106;"2023-09-17 00:00:00";22;134;"Automotive";855;4.2;264;134.0;7;101;4.08333;430.167;9;0
98;105;"2023-06-17 00:00:00";29;102;"Electronics";800;4.8;232;102.0;5;193;4.1875;485.375;6;0
38;104;"2023-04-11 00:00:00";18;118;"Beauty";30;4.0;180;118.0;6;260;3.62;290.8;4;0
40;106;"2023-05-22 00:00:00";18;131;"Automotive";855;4.2;216;131.0;7;219;4.16667;462.833;5;0
33;108;"2023-10-28 00:00:00";24;118;"Sports";727;3.6;264;118.0;7;60;3.78182;409.091;10;0
34;107;"2023-09-14 00:00:00";28;81;"Books";783;3.8;364;81.0;8;104;4.02308;546.0;9;0
27;107;"2023-11-27 00:00:00";22;92;"Books";783;3.8;264;92.0;9;30;3.925;480.417;11;0
100;110;"2023-08-10 00:00:00";26;107;"Toys";29;3.5;286;107.0;6;139;3.95455;391.091;8;0
90;104;"2023-12-01 00:00:00";16;89;"Beauty";30;4.0;176;89.0;6;26;3.91818;370.091;12;0
51;104;"2023-05-09 00:00:00";28;98;"Beauty";30;4.0;224;98.0;6;232;4.0875;447.75;5;0
89;103;"2023-09-14 00:00:00";16;137;"Home & Kitchen";200;4.2;176;137.0;7;104;4.24545;635.818;9;0
83;108;"2023-04-07 00:00:00";19;96;"Sports";727;3.6;171;96.0;6;264;3.95556;471.556;4;0
21;104;"2023-09-25 00:00:00";23;114;"Beauty";30;4.0;345;114.0;8;93;4.07333;369.467;9;0
95;110;"2023-01-30 00:00:00";21;142;"Toys";29;3.5;273;142.0;7;331;3.90769;393.385;1;0
29;110;"2023-03-11 00:00:00";29;113;"Toys";29;3.5;261;113.0;7;291;3.73333;508.778;3;0
73;106;"2023-07-05 00:00:00";15;85;"Automotive";855;4.2;165;85.0;8;175;3.87273;436.364;7;0
19;110;"2023-10-14 00:00:00";22;150;"Toys";29;3.5;242;150.0;7;74;3.94545;356.455;10;0
26;109;"2023-10-02 00:00:00";21;146;"Music";379;3.1;189;146.0;8;86;3.93333;363.333;10;0
25;104;"2023-04-17 00:00:00";16;80;"Beauty";30;4.0;176;80.0;7;254;3.88182;315.818;4;0
40;109;"2023-01-17 00:00:00";18;131;"Music";379;3.1;216;131.0;7;344;4.16667;462.833;1;0
29;106;"2023-12-04 00:00:00";29;113;"Automotive";855;4.2;261;113.0;7;23;3.73333;508.778;12;0
25;110;"2023-07-23 00:00:00";16;80;"Toys";29;3.5;176;80.0;7;157;3.88182;315.818;7;0
19;101;"2023-01-10 00:00:00";22;150;"Electronics";500;4.5;242;150.0;7;351;3.94545;356.455;1;0
68;108;"2023-08-07 00:00:00";26;109;"Sports";727;3.6;416;109.0;9;142;3.975;538.438;8;0
45;101;"2023-03-18 00:00:00";15;133;"Electronics";500;4.5;105;133.0;5;284;4.22857;415.571;3;0
84;102;"2023-07-12 00:00:00";24;136;"Clothing";50;3.8;336;136.0;8;168;4.12857;385.857;7;0
46;107;"2023-08-20 00:00:00";17;145;"Books";783;3.8;153;145.0;6;129;3.9;501.333;8;0
55;107;"2023-09-04 00:00:00";22;120;"Books";783;3.8;220;120.0;7;114;3.83;448.1;9;0
1;105;"2023-11-30 00:00:00";25;120;"Electronics";800;4.8;500;120.0;9;27;4.04;471.7;11;0
11;106;"2023-12-10 00:00:00";26;124;"Automotive";855;4.2;312;124.0;5;17;3.79167;405.0;12;0
68;108;"2023-05-02 00:00:00";26;109;"Sports";727;3.6;416;109.0;9;239;3.975;538.438;5;0
7;107;"2023-12-30 00:00:00";30;108;"Books";783;3.8;330;108.0;6;-3;3.75455;374.182;12;0
92;101;"2023-06-03 00:00:00";24;113;"Electronics";500;4.5;360;113.0;8;207;3.92667;363.733;6;0
100;102;"2023-04-22 00:00:00";26;107;"Clothing";50;3.8;286;107.0;6;249;3.95455;391.091;4;0
58;107;"2023-03-18 00:00:00";24;85;"Books";783;3.8;216;85.0;5;284;3.83333;443.444;3;0
71;107;"2023-01-25 00:00:00";27;85;"Books";783;3.8;270;85.0;6;336;4.39;644.3;1;0
20;105;"2023-09-19 00:00:00";21;99;"Electronics";800;4.8;210;99.0;8;99;3.97;505.6;9;0
35;103;"2023-02-04 00:00:00";23;90;"Home & Kitchen";200;4.2;230;90.0;6;326;3.8;256.4;2;0
51;103;"2023-03-18 00:00:00";28;98;"Home & Kitchen";200;4.2;224;98.0;6;284;4.0875;447.75;3;0
21;105;"2023-07-07 00:00:00";23;114;"Electronics";800;4.8;345;114.0;8;173;4.07333;369.467;7;0
44;105;"2023-02-13 00:00:00";30;85;"Electronics";800;4.8;390;85.0;8;317;3.81538;412.154;2;0
1;104;"2023-11-12 00:00:00";25;120;"Beauty";30;4.0;500;120.0;9;45;4.04;471.7;11;0
67;102;"2023-10-05 00:00:00";29;144;"Clothing";50;3.8;261;144.0;6;83;3.81111;444.111;10;0
98;101;"2023-12-31 00:00:00";29;102;"Electronics";500;4.5;232;102.0;5;-4;4.1875;485.375;12;0
13;107;"2023-01-13 00:00:00";22;134;"Books";783;3.8;264;134.0;7;348;4.08333;430.167;1;0
16;107;"2023-04-09 00:00:00";20;147;"Books";783;3.8;80;147.0;4;262;4.0;541.75;4;0
34;101;"2023-05-14 00:00:00";28;81;"Electronics";500;4.5;364;81.0;8;227;4.02308;546.0;5;0
24;110;"2023-10-04 00:00:00";25;123;"Toys";29;3.5;250;123.0;6;84;4.13;470.0;10;0
13;109;"2023-05-05 00:00:00";22;134;"Music";379;3.1;264;134.0;7;236;4.08333;430.167;5;0
6;110;"2023-06-09 00:00:00";27;119;"Toys";29;3.5;324;119.0;5;201;3.81667;272.75;6;0
39;106;"2023-12-21 00:00:00";15;130;"Automotive";855;4.2;120;130.0;6;6;3.95;543.375;12;0
2;103;"2023-10-07 00:00:00";20;90;"Home & Kitchen";200;4.2;160;90.0;5;81;3.9375;404.625;10;0
11;110;"2023-01-20 00:00:00";26;124;"Toys";29;3.5;312;124.0;5;341;3.79167;405.0;1;0
7;109;"2023-03-27 00:00:00";30;108;"Music";379;3.1;330;108.0;6;275;3.75455;374.182;3;0
7;105;"2023-10-31 00:00:00";30;108;"Electronics";800;4.8;330;108.0;6;57;3.75455;374.182;10;0
39;105;"2023-09-20 00:00:00";15;130;"Electronics";800;4.8;120;130.0;6;98;3.95;543.375;9;0
76;101;"2023-03-10 00:00:00";20;87;"Electronics";500;4.5;160;87.0;7;292;4.0625;403.25;3;0
86;103;"2023-07-21 00:00:00";25;136;"Home & Kitchen";200;4.2;175;136.0;6;159;3.68571;421.571;7;0
51;106;"2023-01-25 00:00:00";28;98;"Automotive";855;4.2;224;98.0;6;336;4.0875;447.75;1;0
52;108;"2023-08-07 00:00:00";18;93;"Sports";727;3.6;216;93.0;6;142;3.89167;389.333;8;0
3;108;"2023-09-30 00:00:00";30;150;"Sports";727;3.6;240;150.0;5;88;3.7125;496.25;9;0
77;102;"2023-08-15 00:00:00";20;132;"Clothing";50;3.8;200;132.0;5;134;4.08;464.2;8;0
30;104;"2023-05-31 00:00:00";23;103;"Beauty";30;4.0;299;103.0;10;210;3.93077;395.385;5;0
10;103;"2023-05-06 00:00:00";18;147;"Home & Kitchen";200;4.2;180;147.0;6;235;3.98;519.7;5;0
73;101;"2023-01-29 00:00:00";15;85;"Electronics";500;4.5;165;85.0;8;332;3.87273;436.364;1;0
6;104;"2023-10-12 00:00:00";27;119;"Beauty";30;4.0;324;119.0;5;76;3.81667;272.75;10;0
54;103;"2023-04-24 00:00:00";29;128;"Home & Kitchen";200;4.2;406;128.0;7;247;4.17143;385.429;4;0
66;103;"2023-12-24 00:00:00";18;92;"Home & Kitchen";200;4.2;198;92.0;7;3;4.20909;472.818;12;0
44;103;"2023-03-31 00:00:00";30;85;"Home & Kitchen";200;4.2;390;85.0;8;271;3.81538;412.154;3;0
80;104;"2023-05-14 00:00:00";19;83;"Beauty";30;4.0;285;83.0;7;227;4.13333;347.4;5;0
63;106;"2023-03-08 00:00:00";25;112;"Automotive";855;4.2;225;112.0;6;294;3.71111;411.778;3;0
77;102;"2023-07-23 00:00:00";20;132;"Clothing";50;3.8;200;132.0;5;157;4.08;464.2;7;0
48;108;"2023-03-19 00:00:00";23;142;"Sports";727;3.6;184;142.0;8;283;3.775;381.625;3;0
77;106;"2023-07-04 00:00:00";20;132;"Automotive";855;4.2;200;132.0;5;176;4.08;464.2;7;0
22;104;"2023-09-19 00:00:00";23;130;"Beauty";30;4.0;184;130.0;5;99;3.9;237.5;9;0
19;110;"2023-01-30 00:00:00";22;150;"Toys";29;3.5;242;150.0;7;331;3.94545;356.455;1;0
90;104;"2023-04-02 00:00:00";16;89;"Beauty";30;4.0;176;89.0;6;269;3.91818;370.091;4;0
14;101;"2023-11-14 00:00:00";24;80;"Electronics";500;4.5;240;80.0;6;43;3.99;423.2;11;0
95;107;"2023-06-04 00:00:00";21;142;"Books";783;3.8;273;142.0;7;206;3.90769;393.385;6;0
93;104;"2023-10-12 00:00:00";24;84;"Beauty";30;4.0;240;84.0;5;76;4.01;371.5;10;0
86;107;"2023-04-08 00:00:00";25;136;"Books";783;3.8;175;136.0;6;263;3.68571;421.571;4;0
7;110;"2023-04-16 00:00:00";30;108;"Toys";29;3.5;330;108.0;6;255;3.75455;374.182;4;0
49;106;"2023-06-25 00:00:00";16;127;"Automotive";855;4.2;160;127.0;8;185;3.98;476.7;6;0
41;102;"2023-04-20 00:00:00";20;82;"Clothing";50;3.8;180;82.0;6;251;3.76667;293.778;4;0
27;110;"2023-09-18 00:00:00";22;92;"Toys";29;3.5;264;92.0;9;100;3.925;480.417;9;0
31;104;"2023-09-25 00:00:00";16;92;"Beauty";30;4.0;192;92.0;6;93;4.01667;312.917;9;0
6;104;"2023-06-29 00:00:00";27;119;"Beauty";30;4.0;324;119.0;5;181;3.81667;272.75;6;0
16;110;"2023-04-10 00:00:00";20;147;"Toys";29;3.5;80;147.0;4;261;4.0;541.75;4;0
64;108;"2023-10-10 00:00:00";19;142;"Sports";727;3.6;114;142.0;5;78;3.95;662.833;10;0
38;109;"2023-01-16 00:00:00";18;118;"Music";379;3.1;180;118.0;6;345;3.62;290.8;1;0
60;105;"2023-08-09 00:00:00";30;143;"Electronics";800;4.8;210;143.0;6;140;4.04286;426.571;8;0
96;108;"2023-12-29 00:00:00";22;103;"Sports";727;3.6;110;103.0;4;-2;4.1;556.8;12;0
97;109;"2023-03-12 00:00:00";26;87;"Music";379;3.1;208;87.0;4;290;3.725;614.125;3;0
81;110;"2023-09-06 00:00:00";16;141;"Toys";29;3.5;240;141.0;9;112;3.96667;396.133;9;0
33;105;"2023-04-06 00:00:00";24;118;"Electronics";800;4.8;264;118.0;7;265;3.78182;409.091;4;0
63;102;"2023-01-03 00:00:00";25;112;"Clothing";50;3.8;225;112.0;6;358;3.71111;411.778;1;0
11;106;"2023-10-01 00:00:00";26;124;"Automotive";855;4.2;312;124.0;5;87;3.79167;405.0;10;0
13;101;"2023-08-31 00:00:00";22;134;"Electronics";500;4.5;264;134.0;7;118;4.08333;430.167;8;0
94;104;"2023-11-18 00:00:00";18;96;"Beauty";30;4.0;180;96.0;4;39;4.15;217.9;11;0
65;107;"2023-06-10 00:00:00";22;90;"Books";783;3.8;154;90.0;4;200;3.57143;554.857;6;0
30;104;"2023-08-14 00:00:00";23;103;"Beauty";30;4.0;299;103.0;10;135;3.93077;395.385;8;0
91;101;"2023-03-10 00:00:00";22;142;"Electronics";500;4.5;198;142.0;6;292;4.14444;635.667;3;0
23;104;"2023-12-17 00:00:00";27;100;"Beauty";30;4.0;216;100.0;7;10;4.0125;273.5;12;0
20;107;"2023-09-18 00:00:00";21;99;"Books";783;3.8;210;99.0;8;100;3.97;505.6;9;0
6;110;"2023-12-02 00:00:00";27;119;"Toys";29;3.5;324;119.0;5;25;3.81667;272.75;12;0
37;106;"2023-05-08 00:00:00";19;86;"Automotive";855;4.2;266;86.0;8;233;4.07143;504.857;5;0
84;102;"2023-10-05 00:00:00";24;136;"Clothing";50;3.8;336;136.0;8;83;4.12857;385.857;10;0
6;108;"2023-04-13 00:00:00";27;119;"Sports";727;3.6;324;119.0;5;258;3.81667;272.75;4;0
93;104;"2023-09-24 00:00:00";24;84;"Beauty";30;4.0;240;84.0;5;94;4.01;371.5;9;0
77;105;"2023-09-30 00:00:00";20;132;"Electronics";800;4.8;200;132.0;5;88;4.08;464.2;9;0
27;108;"2023-01-03 00:00:00";22;92;"Sports";727;3.6;264;92.0;9;358;3.925;480.417;1;0
84;101;"2023-10-30 00:00:00";24;136;"Electronics";500;4.5;336;136.0;8;58;4.12857;385.857;10;0
13;104;"2023-07-09 00:00:00";22;134;"Beauty";30;4.0;264;134.0;7;171;4.08333;430.167;7;0
8;106;"2023-06-24 00:00:00";20;104;"Automotive";855;4.2;240;104.0;7;186;3.825;313.75;6;0
53;107;"2023-04-21 00:00:00";18;86;"Books";783;3.8;108;86.0;4;250;3.68333;580.833;4;0
81;107;"2023-10-16 00:00:00";16;141;"Books";783;3.8;240;141.0;9;72;3.96667;396.133;10;0
30;108;"2023-08-20 00:00:00";23;103;"Sports";727;3.6;299;103.0;10;129;3.93077;395.385;8;0
1;105;"2023-07-09 00:00:00";25;120;"Electronics";800;4.8;500;120.0;9;171;4.04;471.7;7;0
88;108;"2023-10-20 00:00:00";23;97;"Sports";727;3.6;322;97.0;8;68;3.82143;472.643;10;0
80;103;"2023-12-12 00:00:00";19;83;"Home & Kitchen";200;4.2;285;83.0;7;15;4.13333;347.4;12;0
75;101;"2023-09-22 00:00:00";19;92;"Electronics";500;4.5;152;92.0;5;96;4.0;440.625;9;0
4;102;"2023-02-17 00:00:00";15;80;"Clothing";50;3.8;240;80.0;6;313;4.04375;282.125;2;0
62;107;"2023-12-14 00:00:00";30;139;"Books";783;3.8;240;139.0;6;13;3.7625;548.75;12;0
68;106;"2023-01-01 00:00:00";26;109;"Automotive";855;4.2;416;109.0;9;360;3.975;538.438;1;0
17;110;"2023-06-13 00:00:00";17;86;"Toys";29;3.5;119;86.0;4;197;3.68571;449.143;6;0
74;105;"2023-01-27 00:00:00";15;106;"Electronics";800;4.8;165;106.0;9;334;3.83636;357.0;1;0
85;109;"2023-07-10 00:00:00";25;142;"Music";379;3.1;200;142.0;6;170;4.0125;562.75;7;0
57;108;"2023-05-31 00:00:00";16;110;"Sports";727;3.6;128;110.0;7;210;3.7625;506.25;5;0
63;109;"2023-06-09 00:00:00";25;112;"Music";379;3.1;225;112.0;6;201;3.71111;411.778;6;0
57;107;"2023-05-10 00:00:00";16;110;"Books";783;3.8;128;110.0;7;231;3.7625;506.25;5;0
49;102;"2023-12-16 00:00:00";16;127;"Clothing";50;3.8;160;127.0;8;11;3.98;476.7;12;0
18;105;"2023-09-17 00:00:00";19;137;"Electronics";800;4.8;133;137.0;5;101;4.21429;390.429;9;0
58;109;"2023-09-17 00:00:00";24;85;"Music";379;3.1;216;85.0;5;101;3.83333;443.444;9;0
10;106;"2023-12-21 00:00:00";18;147;"Automotive";855;4.2;180;147.0;6;6;3.98;519.7;12;0
63;102;"2023-04-27 00:00:00";25;112;"Clothing";50;3.8;225;112.0;6;244;3.71111;411.778;4;0
80;107;"2023-06-14 00:00:00";19;83;"Books";783;3.8;285;83.0;7;196;4.13333;347.4;6;0
79;103;"2023-01-21 00:00:00";23;80;"Home & Kitchen";200;4.2;184;80.0;7;340;3.8875;261.625;1;0
34;108;"2023-08-22 00:00:00";28;81;"Sports";727;3.6;364;81.0;8;127;4.02308;546.0;8;0
5;106;"2023-05-14 00:00:00";22;110;"Automotive";855;4.2;242;110.0;6;227;4.10909;559.727;5;0
17;108;"2023-08-05 00:00:00";17;86;"Sports";727;3.6;119;86.0;4;144;3.68571;449.143;8;0
72;110;"2023-03-25 00:00:00";17;116;"Toys";29;3.5;204;116.0;7;277;3.78333;243.583;3;0
63;107;"2023-07-02 00:00:00";25;112;"Books";783;3.8;225;112.0;6;178;3.71111;411.778;7;0
24;107;"2023-08-18 00:00:00";25;123;"Books";783;3.8;250;123.0;6;131;4.13;470.0;8;0
92;104;"2023-09-17 00:00:00";24;113;"Beauty";30;4.0;360;113.0;8;101;3.92667;363.733;9;0
8;110;"2023-12-06 00:00:00";20;104;"Toys";29;3.5;240;104.0;7;21;3.825;313.75;12;0
23;110;"2023-06-01 00:00:00";27;100;"Toys";29;3.5;216;100.0;7;209;4.0125;273.5;6;0
99;104;"2023-02-18 00:00:00";17;110;"Beauty";30;4.0;153;110.0;5;312;4.1;499.222;2;0
31;105;"2023-12-17 00:00:00";16;92;"Electronics";800;4.8;192;92.0;6;10;4.01667;312.917;12;0
81;105;"2023-06-08 00:00:00";16;141;"Electronics";800;4.8;240;141.0;9;202;3.96667;396.133;6;0
28;102;"2023-08-06 00:00:00";22;95;"Clothing";50;3.8;132;95.0;4;143;3.83333;248.667;8;0
48;104;"2023-05-21 00:00:00";23;142;"Beauty";30;4.0;184;142.0;8;220;3.775;381.625;5;0
12;110;"2023-01-05 00:00:00";18;125;"Toys";29;3.5;162;125.0;6;356;3.65556;258.556;1;0
88;106;"2023-08-29 00:00:00";23;97;"Automotive";855;4.2;322;97.0;8;120;3.82143;472.643;8;0
79;102;"2023-07-24 00:00:00";23;80;"Clothing";50;3.8;184;80.0;7;156;3.8875;261.625;7;0
31;110;"2023-04-22 00:00:00";16;92;"Toys";29;3.5;192;92.0;6;249;4.01667;312.917;4;0
91;108;"2023-07-22 00:00:00";22;142;"Sports";727;3.6;198;142.0;6;158;4.14444;635.667;7;0
35;106;"2023-09-10 00:00:00";23;90;"Automotive";855;4.2;230;90.0;6;108;3.8;256.4;9;0
55;105;"2023-07-01 00:00:00";22;120;"Electronics";800;4.8;220;120.0;7;179;3.83;448.1;7;0
82;103;"2023-08-27 00:00:00";30;147;"Home & Kitchen";200;4.2;360;147.0;7;122;4.13333;501.75;8;0
36;101;"2023-05-19 00:00:00";24;86;"Electronics";500;4.5;336;86.0;7;222;3.93571;435.786;5;0
72;109;"2023-09-01 00:00:00";17;116;"Music";379;3.1;204;116.0;7;117;3.78333;243.583;9;0
60;108;"2023-02-13 00:00:00";30;143;"Sports";727;3.6;210;143.0;6;317;4.04286;426.571;2;0
38;102;"2023-09-20 00:00:00";18;118;"Clothing";50;3.8;180;118.0;6;98;3.62;290.8;9;0
69;102;"2023-07-19 00:00:00";17;102;"Clothing";50;3.8;119;102.0;6;161;3.71429;209.286;7;0
54;102;"2023-01-01 00:00:00";29;128;"Clothing";50;3.8;406;128.0;7;360;4.17143;385.429;1;0
14;110;"2023-02-21 00:00:00";24;80;"Toys";29;3.5;240;80.0;6;309;3.99;423.2;2;0
20;108;"2023-06-12 00:00:00";21;99;"Sports";727;3.6;210;99.0;8;198;3.97;505.6;6;0
9;105;"2023-12-19 00:00:00";15;98;"Electronics";800;4.8;120;98.0;5;8;3.9375;511.625;12;0
97;109;"2023-01-24 00:00:00";26;87;"Music";379;3.1;208;87.0;4;337;3.725;614.125;1;0
82;107;"2023-07-19 00:00:00";30;147;"Books";783;3.8;360;147.0;7;161;4.13333;501.75;7;0
70;102;"2023-10-02 00:00:00";22;99;"Clothing";50;3.8;330;99.0;8;86;3.94667;341.067;10;0
2;103;"2023-10-16 00:00:00";20;90;"Home & Kitchen";200;4.2;160;90.0;5;72;3.9375;404.625;10;0
30;109;"2023-01-03 00:00:00";23;103;"Music";379;3.1;299;103.0;10;358;3.93077;395.385;1;0
6;105;"2023-06-16 00:00:00";27;119;"Electronics";800;4.8;324;119.0;5;194;3.81667;272.75;6;0
81;108;"2023-09-26 00:00:00";16;141;"Sports";727;3.6;240;141.0;9;92;3.96667;396.133;9;0
41;110;"2023-03-06 00:00:00";20;82;"Toys";29;3.5;180;82.0;6;296;3.76667;293.778;3;0
23;109;"2023-09-10 00:00:00";27;100;"Music";379;3.1;216;100.0;7;108;4.0125;273.5;9;0
31;109;"2023-03-14 00:00:00";16;92;"Music";379;3.1;192;92.0;6;288;4.01667;312.917;3;0
20;104;"2023-09-17 00:00:00";21;99;"Beauty";30;4.0;210;99.0;8;101;3.97;505.6;9;0
5;103;"2023-05-12 00:00:00";22;110;"Home & Kitchen";200;4.2;242;110.0;6;229;4.10909;559.727;5;0
21;106;"2023-08-19 00:00:00";23;114;"Automotive";855;4.2;345;114.0;8;130;4.07333;369.467;8;0
75;107;"2023-05-15 00:00:00";19;92;"Books";783;3.8;152;92.0;5;226;4.0;440.625;5;0
68;105;"2023-11-11 00:00:00";26;109;"Electronics";800;4.8;416;109.0;9;46;3.975;538.438;11;0
87;106;"2023-01-03 00:00:00";30;128;"Automotive";855;4.2;240;128.0;6;358;4.3125;511.25;1;0
61;108;"2023-06-25 00:00:00";15;117;"Sports";727;3.6;135;117.0;6;185;3.76667;416.111;6;0
94;110;"2023-06-30 00:00:00";18;96;"Toys";29;3.5;180;96.0;4;180;4.15;217.9;6;0
42;101;"2023-02-28 00:00:00";29;109;"Electronics";500;4.5;290;109.0;7;302;4.21;531.6;2;0
41;104;"2023-04-21 00:00:00";20;82;"Beauty";30;4.0;180;82.0;6;250;3.76667;293.778;4;0
61;106;"2023-03-24 00:00:00";15;117;"Automotive";855;4.2;135;117.0;6;278;3.76667;416.111;3;0
82;106;"2023-09-12 00:00:00";30;147;"Automotive";855;4.2;360;147.0;7;106;4.13333;501.75;9;0
52;108;"2023-03-22 00:00:00";18;93;"Sports";727;3.6;216;93.0;6;280;3.89167;389.333;3;0
41;109;"2023-11-10 00:00:00";20;82;"Music";379;3.1;180;82.0;6;47;3.76667;293.778;11;0
60;101;"2023-06-21 00:00:00";30;143;"Electronics";500;4.5;210;143.0;6;189;4.04286;426.571;6;0
95;103;"2023-10-17 00:00:00";21;142;"Home & Kitchen";200;4.2;273;142.0;7;71;3.90769;393.385;10;0
30;107;"2023-03-11 00:00:00";23;103;"Books";783;3.8;299;103.0;10;291;3.93077;395.385;3;0
98;106;"2023-08-10 00:00:00";29;102;"Automotive";855;4.2;232;102.0;5;139;4.1875;485.375;8;0
95;102;"2023-03-21 00:00:00";21;142;"Clothing";50;3.8;273;142.0;7;281;3.90769;393.385;3;0
38;106;"2023-03-31 00:00:00";18;118;"Automotive";855;4.2;180;118.0;6;271;3.62;290.8;3;0
89;102;"2023-10-08 00:00:00";16;137;"Clothing";50;3.8;176;137.0;7;80;4.24545;635.818;10;0
17;110;"2023-12-23 00:00:00";17;86;"Toys";29;3.5;119;86.0;4;4;3.68571;449.143;12;0
100;103;"2023-07-08 00:00:00";26;107;"Home & Kitchen";200;4.2;286;107.0;6;172;3.95455;391.091;7;0
40;104;"2023-11-17 00:00:00";18;131;"Beauty";30;4.0;216;131.0;7;40;4.16667;462.833;11;0
30;101;"2023-03-19 00:00:00";23;103;"Electronics";500;4.5;299;103.0;10;283;3.93077;395.385;3;0
66;104;"2023-01-13 00:00:00";18;92;"Beauty";30;4.0;198;92.0;7;348;4.20909;472.818;1;0
24;101;"2023-07-18 00:00:00";25;123;"Electronics";500;4.5;250;123.0;6;162;4.13;470.0;7;0
73;102;"2023-04-24 00:00:00";15;85;"Clothing";50;3.8;165;85.0;8;247;3.87273;436.364;4;0
1;103;"2023-02-19 00:00:00";25;120;"Home & Kitchen";200;4.2;500;120.0;9;311;4.04;471.7;2;0
88;103;"2023-05-12 00:00:00";23;97;"Home & Kitchen";200;4.2;322;97.0;8;229;3.82143;472.643;5;0
38;104;"2023-04-26 00:00:00";18;118;"Beauty";30;4.0;180;118.0;6;245;3.62;290.8;4;0
64;105;"2023-06-27 00:00:00";19;142;"Electronics";800;4.8;114;142.0;5;183;3.95;662.833;6;0
27;106;"2023-08-16 00:00:00";22;92;"Automotive";855;4.2;264;92.0;9;133;3.925;480.417;8;0
90;109;"2023-03-17 00:00:00";16;89;"Music";379;3.1;176;89.0;6;285;3.91818;370.091;3;0
90;106;"2023-01-18 00:00:00";16;89;"Automotive";855;4.2;176;89.0;6;343;3.91818;370.091;1;0
7;102;"2023-03-10 00:00:00";30;108;"Clothing";50;3.8;330;108.0;6;292;3.75455;374.182;3;0
89;107;"2023-10-31 00:00:00";16;137;"Books";783;3.8;176;137.0;7;57;4.24545;635.818;10;0
80;102;"2023-11-27 00:00:00";19;83;"Clothing";50;3.8;285;83.0;7;30;4.13333;347.4;11;0
42;110;"2023-04-27 00:00:00";29;109;"Toys";29;3.5;290;109.0;7;244;4.21;531.6;4;0
18;107;"2023-09-03 00:00:00";19;137;"Books";783;3.8;133;137.0;5;115;4.21429;390.429;9;0
81;102;"2023-12-25 00:00:00";16;141;"Clothing";50;3.8;240;141.0;9;2;3.96667;396.133;12;0
44;106;"2023-02-06 00:00:00";30;85;"Automotive";855;4.2;390;85.0;8;324;3.81538;412.154;2;0
70;107;"2023-10-09 00:00:00";22;99;"Books";783;3.8;330;99.0;8;79;3.94667;341.067;10;0
20;103;"2023-02-05 00:00:00";21;99;"Home & Kitchen";200;4.2;210;99.0;8;325;3.97;505.6;2;0
23;103;"2023-11-17 00:00:00";27;100;"Home & Kitchen";200;4.2;216;100.0;7;40;4.0125;273.5;11;0
12;110;"2023-01-09 00:00:00";18;125;"Toys";29;3.5;162;125.0;6;352;3.65556;258.556;1;0
12;103;"2023-09-20 00:00:00";18;125;"Home & Kitchen";200;4.2;162;125.0;6;98;3.65556;258.556;9;0
34;109;"2023-04-12 00:00:00";28;81;"Music";379;3.1;364;81.0;8;259;4.02308;546.0;4;0
8;107;"2023-03-24 00:00:00";20;104;"Books";783;3.8;240;104.0;7;278;3.825;313.75;3;0
27;104;"2023-01-18 00:00:00";22;92;"Beauty";30;4.0;264;92.0;9;343;3.925;480.417;1;0
49;105;"2023-09-17 00:00:00";16;127;"Electronics";800;4.8;160;127.0;8;101;3.98;476.7;9;0
72;102;"2023-05-07 00:00:00";17;116;"Clothing";50;3.8;204;116.0;7;234;3.78333;243.583;5;0
55;107;"2023-09-22 00:00:00";22;120;"Books";783;3.8;220;120.0;7;96;3.83;448.1;9;0
97;107;"2023-02-17 00:00:00";26;87;"Books";783;3.8;208;87.0;4;313;3.725;614.125;2;0
